len_i,len_u,jaccard,n,gene_id,gene_name,exon_lengths,pct_overlap,combined_patterns,ALNB_clusters,T2NB_clusters,MBNB_clusters,temporal_group,imp_target,syp_target,RBP_target,cluster_id,cluster_description,cluster_code,gene_biotype,sig_overlapping,is_temporal
17,280,0.06463878326996197,4,FBgn0000042,Act5C,2978,0.5708529214237743,NA,NA,NA,NA,NA,NA,NA,NA,NA,NA,NA,NA,"Overlap
<50nt",FALSE
88,260,0.5116279069767442,23,FBgn0000043,Act42A,1626,5.412054120541206,NA;NA;Peak-2,NA,NA,Peak-2,early,TRUE,TRUE,Both,Cluster V,"Peak L2 Syp
binding",Peak_L2Syp,protein_coding,"Overlap
>50nt",TRUE
0,100,0,0,FBgn0000046,Act87E,1989,0,NA,NA,NA,NA,NA,NA,NA,NA,NA,NA,NA,NA,"Overlap
<50nt",FALSE
33,580,0.0603290676416819,9,FBgn0000064,Ald1,3809,0.8663691257547913,Up-regulated;NA;Peak-3,Up-regulated,NA,Peak-3,late,TRUE,TRUE,Both,Cluster II,"Higher Imp
binding",High_Imp,protein_coding,"Overlap
<50nt",TRUE
0,35,0,0,FBgn0000083,AnxB9,2073,0,NA,NA,NA,NA,NA,NA,NA,NA,NA,NA,NA,NA,"Overlap
<50nt",FALSE
0,645,0,0,FBgn0000108,Appl,6383,0,NA;Peak-3;Up-regulated,NA,Peak-3,Up-regulated,late,TRUE,TRUE,Both,Cluster VI,Other,Other,protein_coding,"Overlap
<50nt",TRUE
0,90,0,0,FBgn0000181,bic,1546,0,NA;Down-regulated;NA,NA,Down-regulated,NA,early,TRUE,TRUE,Both,NA,N/A,NA,NA,"Overlap
<50nt",TRUE
0,15,0,0,FBgn0000183,BicD,5498,0,NA,NA,NA,NA,NA,NA,NA,NA,NA,NA,NA,NA,"Overlap
<50nt",FALSE
77,1180,0.06980961015412511,17,FBgn0000253,Cam,5812,1.3248451479697176,NA,NA,NA,NA,NA,NA,NA,NA,NA,NA,NA,NA,"Overlap
>50nt",FALSE
4,1030,0.00389863547758284,2,FBgn0000259,CkIIbeta,5705,0.07011393514460999,NA,NA,NA,NA,NA,NA,NA,NA,NA,NA,NA,NA,"Overlap
<50nt",FALSE
0,510,0,0,FBgn0000273,Pka-C1,5725,0,NA;Down-regulated;NA,NA,Down-regulated,NA,early,TRUE,TRUE,Both,Cluster I,"Higher Imp
binding",High_Imp,protein_coding,"Overlap
<50nt",TRUE
35,220,0.1891891891891892,6,FBgn0000299,Col4a1,6165,0.5677210056772101,NA,NA,NA,NA,NA,NA,NA,NA,NA,NA,NA,NA,"Overlap
<50nt",FALSE
132,705,0.23036649214659685,34,FBgn0000308,chic,2632,5.015197568389058,NA,NA,NA,NA,NA,NA,NA,NA,NA,NA,NA,NA,"Overlap
>50nt",FALSE
3,105,0.02941176470588235,2,FBgn0000319,Chc,6008,0.04993342210386152,NA,NA,NA,NA,NA,NA,NA,NA,NA,NA,NA,NA,"Overlap
<50nt",FALSE
85,315,0.3695652173913043,19,FBgn0000370,crc,3423,2.483201869704937,NA,NA,NA,NA,NA,NA,NA,NA,NA,NA,NA,NA,"Overlap
>50nt",FALSE
0,120,0,0,FBgn0000412,D1,1877,0,NA;NA;Up-regulated,NA,NA,Up-regulated,late,TRUE,TRUE,Both,Cluster VI,Other,Other,protein_coding,"Overlap
<50nt",TRUE
52,260,0.25,14,FBgn0000416,Sap-r,3527,1.4743407995463569,NA,NA,NA,NA,NA,NA,NA,NA,NA,NA,NA,NA,"Overlap
>50nt",FALSE
3,230,0.013215859030837,1,FBgn0000448,Hr3,10465,0.02866698518872431,NA;NA;Up-regulated,NA,NA,Up-regulated,late,TRUE,TRUE,Both,Cluster II,"Higher Imp
binding",High_Imp,protein_coding,"Overlap
<50nt",TRUE
127,540,0.3075060532687651,30,FBgn0000451,ect,3741,3.3948142207965786,NA,NA,NA,NA,NA,NA,NA,NA,NA,NA,NA,NA,"Overlap
>50nt",FALSE
0,45,0,0,FBgn0000463,Dl,5278,0,NA;Down-regulated;NA,NA,Down-regulated,NA,early,TRUE,TRUE,Both,Cluster III,"Higher Syp
binding",High_Syp,protein_coding,"Overlap
<50nt",TRUE
0,390,0,0,FBgn0000479,dnc,16683,0,NA;NA;Peak-1,NA,NA,Peak-1,early,TRUE,TRUE,Both,Cluster II,"Higher Imp
binding",High_Imp,protein_coding,"Overlap
<50nt",TRUE
0,15,0,0,FBgn0000541,E(bx),10072,0,NA;NA;Up-regulated,NA,NA,Up-regulated,late,TRUE,TRUE,Both,Cluster III,"Higher Syp
binding",High_Syp,protein_coding,"Overlap
<50nt",TRUE
10,135,0.08,4,FBgn0000546,EcR,9934,0.10066438494060802,Peak-3;Peak-3;NA,Peak-3,Peak-3,NA,late,TRUE,TRUE,Both,Cluster IV,"Higher Syp
binding",High_Syp,protein_coding,"Overlap
<50nt",TRUE
0,300,0,0,FBgn0000547,ed,6425,0,NA,NA,NA,NA,NA,NA,NA,NA,NA,NA,NA,NA,"Overlap
<50nt",FALSE
0,70,0,0,FBgn0000568,Eip75B,13451,0,Mid-peaks;Down-regulated;Up-regulated,Mid-peaks,Down-regulated,Up-regulated,late,TRUE,TRUE,Both,Cluster III,"Higher Syp
binding",High_Syp,protein_coding,"Overlap
<50nt",TRUE
7,325,0.0220125786163522,2,FBgn0000575,emc,2049,0.3416300634455832,NA,NA,NA,NA,NA,NA,NA,NA,NA,NA,NA,NA,"Overlap
<50nt",FALSE
25,215,0.13157894736842105,7,FBgn0000579,Eno,3718,0.6724045185583647,Up-regulated;Up-regulated;Mid-peaks,Up-regulated,Up-regulated,Mid-peaks,late,TRUE,TRUE,Both,Cluster II,"Higher Imp
binding",High_Imp,protein_coding,"Overlap
<50nt",TRUE
34,485,0.07538802660753881,6,FBgn0000611,exd,3302,1.029678982434888,NA,NA,NA,NA,NA,NA,NA,NA,NA,NA,NA,NA,"Overlap
<50nt",FALSE
0,130,0,0,FBgn0000636,Fas3,6612,0,NA;Down-regulated;NA,NA,Down-regulated,NA,early,TRUE,TRUE,Both,NA,N/A,NA,NA,"Overlap
<50nt",TRUE
36,280,0.14754098360655735,11,FBgn0000667,Actn,5272,0.6828528072837633,NA;Down-regulated;NA,NA,Down-regulated,NA,early,TRUE,TRUE,Both,Cluster II,"Higher Imp
binding",High_Imp,protein_coding,"Overlap
<50nt",TRUE
0,145,0,0,FBgn0001078,ftz-f1,8581,0,NA,NA,NA,NA,NA,NA,NA,NA,NA,NA,NA,NA,"Overlap
<50nt",FALSE
39,185,0.2671232876712329,10,FBgn0001092,Gapdh2,1443,2.702702702702702,Mid-peaks;Down-regulated;Mid-peaks,Mid-peaks,Down-regulated,Mid-peaks,early,TRUE,TRUE,Both,Cluster II,"Higher Imp
binding",High_Imp,protein_coding,"Overlap
<50nt",TRUE
0,15,0,0,FBgn0001098,Gdh,2343,0,Mid-peaks;NA;Mid-peaks,Mid-peaks,NA,Mid-peaks,early,TRUE,TRUE,Both,Cluster V,"Peak L2 Syp
binding",Peak_L2Syp,protein_coding,"Overlap
<50nt",TRUE
0,15,0,0,FBgn0001098,Gdh,2343,0,Mid-peaks;NA;Mid-peaks,Mid-peaks,NA,Mid-peaks,late,TRUE,TRUE,Both,Cluster V,"Peak L2 Syp
binding",Peak_L2Syp,protein_coding,"Overlap
<50nt",TRUE
14,430,0.03365384615384615,5,FBgn0001105,Gbeta13F,5605,0.24977698483496877,Fluctuating;Down-regulated;NA,Fluctuating,Down-regulated,NA,early,TRUE,TRUE,Both,Cluster VI,Other,Other,protein_coding,"Overlap
<50nt",TRUE
17,295,0.06115107913669065,6,FBgn0001112,Gld,2899,0.5864091065884788,NA,NA,NA,NA,NA,NA,NA,NA,NA,NA,NA,NA,"Overlap
<50nt",FALSE
26,170,0.18055555555555555,4,FBgn0001145,Gs2,2231,1.1653966831017482,NA,NA,NA,NA,NA,NA,NA,NA,NA,NA,NA,NA,"Overlap
<50nt",FALSE
0,80,0,0,FBgn0001169,H,6004,0,NA,NA,NA,NA,NA,NA,NA,NA,NA,NA,NA,NA,"Overlap
<50nt",FALSE
0,95,0,0,FBgn0001186,Hex-A,4139,0,Up-regulated;NA;NA,Up-regulated,NA,NA,late,TRUE,TRUE,Both,Cluster II,"Higher Imp
binding",High_Imp,protein_coding,"Overlap
<50nt",TRUE
5,210,0.02439024390243902,1,FBgn0001197,His2Av,1224,0.40849673202614384,Up-regulated;NA;NA,Up-regulated,NA,NA,late,TRUE,TRUE,Both,Cluster VI,Other,Other,protein_coding,"Overlap
<50nt",TRUE
58,210,0.3815789473684211,14,FBgn0001218,Hsc70-3,3589,1.6160490387294513,NA;Down-regulated;NA,NA,Down-regulated,NA,early,TRUE,TRUE,Both,Cluster II,"Higher Imp
binding",High_Imp,protein_coding,"Overlap
>50nt",TRUE
11,1105,0.01005484460694698,4,FBgn0001235,hth,11839,0.09291325280851424,NA,NA,NA,NA,NA,NA,NA,NA,NA,NA,NA,NA,"Overlap
<50nt",FALSE
0,55,0,0,FBgn0001248,Idh,2434,0,NA,NA,NA,NA,NA,NA,NA,NA,NA,NA,NA,NA,"Overlap
<50nt",FALSE
0,60,0,0,FBgn0001253,ImpE1,6264,0,NA,NA,NA,NA,NA,NA,NA,NA,NA,NA,NA,NA,"Overlap
<50nt",FALSE
0,165,0,0,FBgn0001257,ImpL2,2667,0,NA;NA;Peak-3,NA,NA,Peak-3,late,TRUE,TRUE,Both,Cluster II,"Higher Imp
binding",High_Imp,protein_coding,"Overlap
<50nt",TRUE
30,230,0.15,7,FBgn0001297,kay,7789,0.3851585569392733,NA;NA;Down-regulated,NA,NA,Down-regulated,early,TRUE,TRUE,Both,Cluster I,"Higher Imp
binding",High_Imp,protein_coding,"Overlap
<50nt",TRUE
0,65,0,0,FBgn0001319,kn,4391,0,NA,NA,NA,NA,NA,NA,NA,NA,NA,NA,NA,NA,"Overlap
<50nt",FALSE
0,195,0,0,FBgn0001624,dlg1,11505,0,NA,NA,NA,NA,NA,NA,NA,NA,NA,NA,NA,NA,"Overlap
<50nt",FALSE
36,225,0.1904761904761905,5,FBgn0001942,eIF4A,2480,1.4516129032258065,NA;NA;Down-regulated,NA,NA,Down-regulated,early,TRUE,TRUE,Both,Cluster II,"Higher Imp
binding",High_Imp,protein_coding,"Overlap
<50nt",TRUE
0,35,0,0,FBgn0002022,Catsup,1698,0,NA,NA,NA,NA,NA,NA,NA,NA,NA,NA,NA,NA,"Overlap
<50nt",FALSE
0,125,0,0,FBgn0002121,l(2)gl,5986,0,NA,NA,NA,NA,NA,NA,NA,NA,NA,NA,NA,NA,"Overlap
<50nt",FALSE
11,430,0.02625298329355608,4,FBgn0002525,Lam,3737,0.29435375970029437,NA,NA,NA,NA,NA,NA,NA,NA,NA,NA,NA,NA,"Overlap
<50nt",FALSE
110,695,0.18803418803418803,29,FBgn0002645,Map205,6046,1.8193847171683757,NA;NA;Up-regulated,NA,NA,Up-regulated,late,TRUE,TRUE,Both,NA,N/A,NA,NA,"Overlap
>50nt",TRUE
0,80,0,0,FBgn0002736,mago,1103,0,NA,NA,NA,NA,NA,NA,NA,NA,NA,NA,NA,NA,"Overlap
<50nt",FALSE
4,135,0.03053435114503816,1,FBgn0002772,Mlc1,1414,0.2828854314002829,NA,NA,NA,NA,NA,NA,NA,NA,NA,NA,NA,NA,"Overlap
<50nt",FALSE
0,35,0,0,FBgn0002914,Myb,2928,0,NA,NA,NA,NA,NA,NA,NA,NA,NA,NA,NA,NA,"Overlap
<50nt",FALSE
0,665,0,0,FBgn0002921,Atpalpha,6680,0,NA,NA,NA,NA,NA,NA,NA,NA,NA,NA,NA,NA,"Overlap
<50nt",FALSE
0,120,0,0,FBgn0003016,osp,6846,0,NA;Down-regulated;Peak-1,NA,Down-regulated,Peak-1,early,TRUE,TRUE,Both,Cluster I,"Higher Imp
binding",High_Imp,protein_coding,"Overlap
<50nt",TRUE
0,30,0,0,FBgn0003071,Pfk,4377,0,NA;Up-regulated;NA,NA,Up-regulated,NA,late,TRUE,TRUE,Both,NA,N/A,NA,NA,"Overlap
<50nt",TRUE
45,180,0.3333333333333333,10,FBgn0003137,Ppn,9544,0.47150041911148366,NA,NA,NA,NA,NA,NA,NA,NA,NA,NA,NA,NA,"Overlap
<50nt",FALSE
32,295,0.12167300380228135,7,FBgn0003165,pum,11798,0.27123241227326667,NA,NA,NA,NA,NA,NA,NA,NA,NA,NA,NA,NA,"Overlap
<50nt",FALSE
0,180,0,0,FBgn0003205,Ras85D,1958,0,NA,NA,NA,NA,NA,NA,NA,NA,NA,NA,NA,NA,"Overlap
<50nt",FALSE
141,545,0.349009900990099,36,FBgn0003261,Rm62,5386,2.617898254734497,NA;Peak-1;NA,NA,Peak-1,NA,early,TRUE,TRUE,Both,Cluster III,"Higher Syp
binding",High_Syp,protein_coding,"Overlap
>50nt",TRUE
4,165,0.0248447204968944,2,FBgn0003392,shi,5989,0.06678911337451995,NA,NA,NA,NA,NA,NA,NA,NA,NA,NA,NA,NA,"Overlap
<50nt",FALSE
0,275,0,0,FBgn0003423,slgA,4305,0,NA,NA,NA,NA,NA,NA,NA,NA,NA,NA,NA,NA,"Overlap
<50nt",FALSE
8,50,0.1904761904761905,3,FBgn0003525,stg,3064,0.26109660574412535,Up-regulated;Peak-3;NA,Up-regulated,Peak-3,NA,late,TRUE,TRUE,Both,Cluster III,"Higher Syp
binding",High_Syp,protein_coding,"Overlap
<50nt",TRUE
7,65,0.1206896551724138,2,FBgn0003607,Su(var)205,1109,0.6311992786293958,NA,NA,NA,NA,NA,NA,NA,NA,NA,NA,NA,NA,"Overlap
<50nt",FALSE
115,670,0.2072072072072072,25,FBgn0003721,Tm1,9463,1.2152594314699356,NA;NA;Peak-1,NA,NA,Peak-1,early,TRUE,TRUE,Both,Cluster II,"Higher Imp
binding",High_Imp,protein_coding,"Overlap
>50nt",TRUE
0,135,0,0,FBgn0003870,ttk,7557,0,NA;NA;Peak-1,NA,NA,Peak-1,early,TRUE,TRUE,Both,Cluster I,"Higher Imp
binding",High_Imp,protein_coding,"Overlap
<50nt",TRUE
15,120,0.14285714285714285,4,FBgn0003891,tud,8830,0.16987542468856173,NA;Peak-1;NA,NA,Peak-1,NA,early,TRUE,TRUE,Both,Cluster II,"Higher Imp
binding",High_Imp,protein_coding,"Overlap
<50nt",TRUE
32,475,0.07223476297968397,8,FBgn0004103,Pp1-87B,2203,1.4525646845211075,Up-regulated;NA;NA,Up-regulated,NA,NA,late,TRUE,TRUE,Both,Cluster I,"Higher Imp
binding",High_Imp,protein_coding,"Overlap
<50nt",TRUE
0,245,0,0,FBgn0004177,mts,3102,0,Up-regulated;NA;Up-regulated,Up-regulated,NA,Up-regulated,late,TRUE,TRUE,Both,Cluster II,"Higher Imp
binding",High_Imp,protein_coding,"Overlap
<50nt",TRUE
0,165,0,0,FBgn0004179,Csp,3081,0,NA,NA,NA,NA,NA,NA,NA,NA,NA,NA,NA,NA,"Overlap
<50nt",FALSE
4,65,0.06557377049180328,2,FBgn0004198,ct,12443,0.03214658844330145,NA,NA,NA,NA,NA,NA,NA,NA,NA,NA,NA,NA,"Overlap
<50nt",FALSE
0,85,0,0,FBgn0004227,nonA,8029,0,NA,NA,NA,NA,NA,NA,NA,NA,NA,NA,NA,NA,"Overlap
<50nt",FALSE
10,185,0.05714285714285714,2,FBgn0004237,Hrb87F,2759,0.3624501631025734,NA;Peak-1;NA,NA,Peak-1,NA,early,TRUE,TRUE,Both,Cluster II,"Higher Imp
binding",High_Imp,protein_coding,"Overlap
<50nt",TRUE
0,700,0,0,FBgn0004242,Syt1,7190,0,NA,NA,NA,NA,NA,NA,NA,NA,NA,NA,NA,NA,"Overlap
<50nt",FALSE
4,275,0.01476014760147601,2,FBgn0004362,HmgD,1965,0.2035623409669211,Up-regulated;NA;NA,Up-regulated,NA,NA,late,TRUE,TRUE,Both,Cluster VI,Other,Other,protein_coding,"Overlap
<50nt",TRUE
10,160,0.06666666666666667,2,FBgn0004363,porin,2858,0.34989503149055284,NA,NA,NA,NA,NA,NA,NA,NA,NA,NA,NA,NA,"Overlap
<50nt",FALSE
0,220,0,0,FBgn0004370,Ptp10D,8708,0,NA,NA,NA,NA,NA,NA,NA,NA,NA,NA,NA,NA,"Overlap
<50nt",FALSE
0,220,0,0,FBgn0004396,CrebA,4498,0,NA;Down-regulated;NA,NA,Down-regulated,NA,early,TRUE,TRUE,Both,Cluster II,"Higher Imp
binding",High_Imp,protein_coding,"Overlap
<50nt",TRUE
0,25,0,0,FBgn0004401,Pep,2792,0,NA;Peak-1;NA,NA,Peak-1,NA,early,TRUE,TRUE,Both,Cluster III,"Higher Syp
binding",High_Syp,protein_coding,"Overlap
<50nt",TRUE
75,335,0.28846153846153844,19,FBgn0004432,Cyp1,1227,6.112469437652812,NA,NA,NA,NA,NA,NA,NA,NA,NA,NA,NA,NA,"Overlap
>50nt",FALSE
0,380,0,0,FBgn0004436,Ubc6,2166,0,NA;Down-regulated;NA,NA,Down-regulated,NA,early,TRUE,TRUE,Both,Cluster II,"Higher Imp
binding",High_Imp,protein_coding,"Overlap
<50nt",TRUE
8,325,0.0252365930599369,2,FBgn0004595,pros,24892,0.03213883978788365,Peak-3;NA;NA,Peak-3,NA,NA,late,TRUE,TRUE,Both,Cluster III,"Higher Syp
binding",High_Syp,protein_coding,"Overlap
<50nt",TRUE
56,520,0.1206896551724138,16,FBgn0004636,Rap1,3012,1.859229747675963,NA,NA,NA,NA,NA,NA,NA,NA,NA,NA,NA,NA,"Overlap
>50nt",FALSE
12,295,0.04240282685512368,4,FBgn0004638,drk,2946,0.40733197556008144,NA,NA,NA,NA,NA,NA,NA,NA,NA,NA,NA,NA,"Overlap
<50nt",FALSE
9,485,0.01890756302521008,4,FBgn0004648,svr,8583,0.10485844110450893,NA,NA,NA,NA,NA,NA,NA,NA,NA,NA,NA,NA,"Overlap
<50nt",FALSE
0,410,0,0,FBgn0004652,fru,18433,0,Mid-peaks;Down-regulated;Mid-peaks,Mid-peaks,Down-regulated,Mid-peaks,early,TRUE,TRUE,Both,Cluster V,"Peak L2 Syp
binding",Peak_L2Syp,protein_coding,"Overlap
<50nt",TRUE
0,300,0,0,FBgn0004656,fs(1)h,15685,0,NA,NA,NA,NA,NA,NA,NA,NA,NA,NA,NA,NA,"Overlap
<50nt",FALSE
0,515,0,0,FBgn0004657,mys,4482,0,NA,NA,NA,NA,NA,NA,NA,NA,NA,NA,NA,NA,"Overlap
<50nt",FALSE
100,500,0.25,18,FBgn0004687,Mlc-c,1399,7.147962830593281,NA,NA,NA,NA,NA,NA,NA,NA,NA,NA,NA,NA,"Overlap
>50nt",FALSE
26,290,0.09848484848484848,7,FBgn0004828,His3.3B,2552,1.018808777429467,NA,NA,NA,NA,NA,NA,NA,NA,NA,NA,NA,NA,"Overlap
<50nt",FALSE
113,1230,0.10116383169203225,26,FBgn0004838,Hrb27C,8693,1.2998964684228689,NA,NA,NA,NA,NA,NA,NA,NA,NA,NA,NA,NA,"Overlap
>50nt",FALSE
0,220,0,0,FBgn0004868,Gdi,2501,0,NA,NA,NA,NA,NA,NA,NA,NA,NA,NA,NA,NA,"Overlap
<50nt",FALSE
0,155,0,0,FBgn0004875,enc,9058,0,Down-regulated;Peak-1;Peak-1,Down-regulated,Peak-1,Peak-1,early,TRUE,TRUE,Both,NA,N/A,NA,NA,"Overlap
<50nt",TRUE
0,70,0,0,FBgn0004888,Scsalpha1,1479,0,NA,NA,NA,NA,NA,NA,NA,NA,NA,NA,NA,NA,"Overlap
<50nt",FALSE
0,260,0,0,FBgn0004889,tws,5059,0,NA,NA,NA,NA,NA,NA,NA,NA,NA,NA,NA,NA,"Overlap
<50nt",FALSE
81,855,0.10465116279069768,20,FBgn0004907,14-3-3zeta,3637,2.227110255705252,NA;NA;Peak-1,NA,NA,Peak-1,early,TRUE,TRUE,Both,Cluster II,"Higher Imp
binding",High_Imp,protein_coding,"Overlap
>50nt",TRUE
32,390,0.0893854748603352,7,FBgn0004921,Ggamma1,2773,1.153984853948792,NA,NA,NA,NA,NA,NA,NA,NA,NA,NA,NA,NA,"Overlap
<50nt",FALSE
3,185,0.01648351648351648,2,FBgn0004924,Top1,6250,0.048,NA,NA,NA,NA,NA,NA,NA,NA,NA,NA,NA,NA,"Overlap
<50nt",FALSE
20,605,0.03418803418803419,3,FBgn0005278,Sam-S,3559,0.561955605507165,NA,NA,NA,NA,NA,NA,NA,NA,NA,NA,NA,NA,"Overlap
<50nt",FALSE
9,210,0.04477611940298507,3,FBgn0005648,Pabp2,2138,0.420954162768943,NA,NA,NA,NA,NA,NA,NA,NA,NA,NA,NA,NA,"Overlap
<50nt",FALSE
15,245,0.06521739130434782,3,FBgn0005671,Vha55,2786,0.5384063173007897,Up-regulated;NA;NA,Up-regulated,NA,NA,late,TRUE,TRUE,Both,Cluster I,"Higher Imp
binding",High_Imp,protein_coding,"Overlap
<50nt",TRUE
0,110,0,0,FBgn0010100,mAcon1,3103,0,NA,NA,NA,NA,NA,NA,NA,NA,NA,NA,NA,NA,"Overlap
<50nt",FALSE
143,2390,0.06364040943480195,37,FBgn0010113,hdc,15063,0.949346079798181,Mid-peaks;NA;NA,Mid-peaks,NA,NA,early,TRUE,TRUE,Both,Cluster III,"Higher Syp
binding",High_Syp,protein_coding,"Overlap
>50nt",TRUE
143,2390,0.06364040943480195,37,FBgn0010113,hdc,15063,0.949346079798181,Mid-peaks;NA;NA,Mid-peaks,NA,NA,late,TRUE,TRUE,Both,Cluster III,"Higher Syp
binding",High_Syp,protein_coding,"Overlap
>50nt",TRUE
5,40,0.14285714285714285,1,FBgn0010217,ATPsynbeta,2386,0.2095557418273261,NA,NA,NA,NA,NA,NA,NA,NA,NA,NA,NA,NA,"Overlap
<50nt",FALSE
57,330,0.2087912087912088,12,FBgn0010226,GstS1,2275,2.5054945054945055,NA;NA;Down-regulated,NA,NA,Down-regulated,early,TRUE,TRUE,Both,Cluster I,"Higher Imp
binding",High_Imp,protein_coding,"Overlap
>50nt",TRUE
0,190,0,0,FBgn0010228,HmgZ,1604,0,NA,NA,NA,NA,NA,NA,NA,NA,NA,NA,NA,NA,"Overlap
<50nt",FALSE
0,265,0,0,FBgn0010238,Lac,2156,0,Up-regulated;Peak-3;NA,Up-regulated,Peak-3,NA,late,TRUE,TRUE,Both,Cluster II,"Higher Imp
binding",High_Imp,protein_coding,"Overlap
<50nt",TRUE
0,10,0,0,FBgn0010288,Uch,1196,0,Peak-2;NA;Down-regulated,Peak-2,NA,Down-regulated,early,TRUE,TRUE,Both,Cluster III,"Higher Syp
binding",High_Syp,protein_coding,"Overlap
<50nt",TRUE
0,565,0,0,FBgn0010300,brat,12788,0,NA,NA,NA,NA,NA,NA,NA,NA,NA,NA,NA,NA,"Overlap
<50nt",FALSE
32,325,0.10921501706484642,8,FBgn0010341,Cdc42,2078,1.539942252165544,NA;Down-regulated;NA,NA,Down-regulated,NA,early,TRUE,TRUE,Both,Cluster I,"Higher Imp
binding",High_Imp,protein_coding,"Overlap
<50nt",TRUE
26,330,0.08552631578947369,7,FBgn0010348,Arf79F,2442,1.0647010647010646,NA,NA,NA,NA,NA,NA,NA,NA,NA,NA,NA,NA,"Overlap
<50nt",FALSE
10,100,0.1111111111111111,2,FBgn0010352,Nc73EF,5338,0.18733608092918697,NA,NA,NA,NA,NA,NA,NA,NA,NA,NA,NA,NA,"Overlap
<50nt",FALSE
10,335,0.03076923076923077,1,FBgn0010379,Akt1,4889,0.2045408058907752,Peak-3;NA;NA,Peak-3,NA,NA,late,TRUE,TRUE,Both,Cluster II,"Higher Imp
binding",High_Imp,protein_coding,"Overlap
<50nt",TRUE
47,680,0.07424960505529225,11,FBgn0010415,Sdc,4202,1.1185149928605425,NA;NA;Peak-1,NA,NA,Peak-1,early,TRUE,TRUE,Both,Cluster II,"Higher Imp
binding",High_Imp,protein_coding,"Overlap
<50nt",TRUE
10,375,0.0273972602739726,1,FBgn0010482,l(2)01289,9515,0.10509721492380451,Down-regulated;NA;NA,Down-regulated,NA,NA,early,TRUE,TRUE,Both,Cluster I,"Higher Imp
binding",High_Imp,protein_coding,"Overlap
<50nt",TRUE
52,470,0.12440191387559808,15,FBgn0010488,NAT1,5665,0.9179170344218888,Down-regulated;Down-regulated;Peak-1,Down-regulated,Down-regulated,Peak-1,early,TRUE,TRUE,Both,Cluster II,"Higher Imp
binding",High_Imp,protein_coding,"Overlap
>50nt",TRUE
0,15,0,0,FBgn0010583,dock,3735,0,NA;NA;Peak-1,NA,NA,Peak-1,early,TRUE,TRUE,Both,Cluster III,"Higher Syp
binding",High_Syp,protein_coding,"Overlap
<50nt",TRUE
0,30,0,0,FBgn0010825,Gug,8819,0,NA,NA,NA,NA,NA,NA,NA,NA,NA,NA,NA,NA,"Overlap
<50nt",FALSE
3,355,0.00852272727272727,1,FBgn0010909,msn,6833,0.04390458071125421,Down-regulated;NA;Peak-1,Down-regulated,NA,Peak-1,early,TRUE,TRUE,Both,Cluster II,"Higher Imp
binding",High_Imp,protein_coding,"Overlap
<50nt",TRUE
0,40,0,0,FBgn0011016,SsRbeta,950,0,NA,NA,NA,NA,NA,NA,NA,NA,NA,NA,NA,NA,"Overlap
<50nt",FALSE
0,30,0,0,FBgn0011202,dia,6718,0,NA,NA,NA,NA,NA,NA,NA,NA,NA,NA,NA,NA,"Overlap
<50nt",FALSE
28,655,0.04465709728867623,5,FBgn0011217,eff,2375,1.1789473684210527,NA,NA,NA,NA,NA,NA,NA,NA,NA,NA,NA,NA,"Overlap
<50nt",FALSE
5,855,0.00588235294117647,1,FBgn0011224,heph,12120,0.04125412541254125,Down-regulated;NA;Peak-1,Down-regulated,NA,Peak-1,early,TRUE,TRUE,Both,Cluster II,"Higher Imp
binding",High_Imp,protein_coding,"Overlap
<50nt",TRUE
0,125,0,0,FBgn0011300,babo,5113,0,Peak-1;Peak-1;NA,Peak-1,Peak-1,NA,early,TRUE,TRUE,Both,Cluster I,"Higher Imp
binding",High_Imp,protein_coding,"Overlap
<50nt",TRUE
0,45,0,0,FBgn0011336,Stt3B,2703,0,NA,NA,NA,NA,NA,NA,NA,NA,NA,NA,NA,NA,"Overlap
<50nt",FALSE
4,220,0.01851851851851851,1,FBgn0011481,Ssdp,5521,0.07245064299945662,NA;Peak-1;NA,NA,Peak-1,NA,early,TRUE,TRUE,Both,Cluster II,"Higher Imp
binding",High_Imp,protein_coding,"Overlap
<50nt",TRUE
5,95,0.05555555555555555,1,FBgn0011570,cpb,1926,0.25960539979231567,NA,NA,NA,NA,NA,NA,NA,NA,NA,NA,NA,NA,"Overlap
<50nt",FALSE
8,380,0.02150537634408602,2,FBgn0011661,Moe,4558,0.17551557700745943,NA;NA;Peak-3,NA,NA,Peak-3,late,TRUE,TRUE,Both,Cluster I,"Higher Imp
binding",High_Imp,protein_coding,"Overlap
<50nt",TRUE
0,640,0,0,FBgn0011666,msi,11500,0,NA,NA,NA,NA,NA,NA,NA,NA,NA,NA,NA,NA,"Overlap
<50nt",FALSE
0,110,0,0,FBgn0011725,twin,4723,0,NA,NA,NA,NA,NA,NA,NA,NA,NA,NA,NA,NA,"Overlap
<50nt",FALSE
5,1010,0.00497512437810945,1,FBgn0011760,ctp,4645,0.1076426264800861,NA,NA,NA,NA,NA,NA,NA,NA,NA,NA,NA,NA,"Overlap
<50nt",FALSE
16,380,0.04395604395604396,4,FBgn0011766,E2f1,6451,0.24802356223841265,Peak-3;NA;NA,Peak-3,NA,NA,late,TRUE,TRUE,Both,Cluster VI,Other,Other,protein_coding,"Overlap
<50nt",TRUE
0,115,0,0,FBgn0011817,nmo,6945,0,NA;Down-regulated;NA,NA,Down-regulated,NA,early,TRUE,TRUE,Both,Cluster III,"Higher Syp
binding",High_Syp,protein_coding,"Overlap
<50nt",TRUE
0,265,0,0,FBgn0011837,Tis11,5015,0,NA,NA,NA,NA,NA,NA,NA,NA,NA,NA,NA,NA,"Overlap
<50nt",FALSE
0,160,0,0,FBgn0012034,AcCoAS,3605,0,NA,NA,NA,NA,NA,NA,NA,NA,NA,NA,NA,NA,"Overlap
<50nt",FALSE
0,35,0,0,FBgn0013263,Trl,6254,0,NA,NA,NA,NA,NA,NA,NA,NA,NA,NA,NA,NA,"Overlap
<50nt",FALSE
63,270,0.30434782608695654,13,FBgn0013272,Gp150,4916,1.2815296989422291,NA;NA;Peak-3,NA,NA,Peak-3,late,TRUE,TRUE,Both,Cluster I,"Higher Imp
binding",High_Imp,protein_coding,"Overlap
>50nt",TRUE
17,145,0.1328125,4,FBgn0013305,Nmda1,2590,0.6563706563706564,NA,NA,NA,NA,NA,NA,NA,NA,NA,NA,NA,NA,"Overlap
<50nt",FALSE
0,40,0,0,FBgn0013718,nuf,5594,0,NA,NA,NA,NA,NA,NA,NA,NA,NA,NA,NA,NA,"Overlap
<50nt",FALSE
0,95,0,0,FBgn0013733,shot,30414,0,Mid-peaks;Peak-1;NA,Mid-peaks,Peak-1,NA,early,TRUE,TRUE,Both,NA,N/A,NA,NA,"Overlap
<50nt",TRUE
32,165,0.24060150375939848,9,FBgn0013981,His4r,796,4.0201005025125625,NA,NA,NA,NA,NA,NA,NA,NA,NA,NA,NA,NA,"Overlap
<50nt",FALSE
0,90,0,0,FBgn0013987,MAPk-Ak2,2198,0,NA,NA,NA,NA,NA,NA,NA,NA,NA,NA,NA,NA,"Overlap
<50nt",FALSE
0,45,0,0,FBgn0014009,Rab2,1712,0,NA,NA,NA,NA,NA,NA,NA,NA,NA,NA,NA,NA,"Overlap
<50nt",FALSE
22,285,0.08365019011406843,7,FBgn0014010,Rab5,3146,0.6993006993006993,Up-regulated;NA;NA,Up-regulated,NA,NA,late,TRUE,TRUE,Both,Cluster I,"Higher Imp
binding",High_Imp,protein_coding,"Overlap
<50nt",TRUE
0,170,0,0,FBgn0014037,Su(Tpl),6626,0,Down-regulated;Peak-1;Peak-1,Down-regulated,Peak-1,Peak-1,early,TRUE,TRUE,Both,Cluster II,"Higher Imp
binding",High_Imp,protein_coding,"Overlap
<50nt",TRUE
0,50,0,0,FBgn0014135,bnl,4559,0,NA,NA,NA,NA,NA,NA,NA,NA,NA,NA,NA,NA,"Overlap
<50nt",FALSE
0,85,0,0,FBgn0014141,cher,9428,0,NA;Down-regulated;Peak-1,NA,Down-regulated,Peak-1,early,TRUE,TRUE,Both,Cluster II,"Higher Imp
binding",High_Imp,protein_coding,"Overlap
<50nt",TRUE
120,990,0.13793103448275862,23,FBgn0014163,fax,4167,2.8797696184305255,Up-regulated;Up-regulated;Up-regulated,Up-regulated,Up-regulated,Up-regulated,late,TRUE,TRUE,Both,Cluster III,"Higher Syp
binding",High_Syp,protein_coding,"Overlap
>50nt",TRUE
39,180,0.2765957446808511,9,FBgn0014184,Oda,2445,1.5950920245398774,NA;NA;Down-regulated,NA,NA,Down-regulated,early,TRUE,TRUE,Both,Cluster II,"Higher Imp
binding",High_Imp,protein_coding,"Overlap
<50nt",TRUE
35,110,0.4666666666666667,6,FBgn0014368,nol,568,6.161971830985916,NA,NA,NA,NA,NA,NA,NA,NA,NA,NA,NA,NA,"Overlap
<50nt",FALSE
5,360,0.01408450704225352,1,FBgn0014388,sty,5438,0.09194556822361162,NA;Down-regulated;Peak-1,NA,Down-regulated,Peak-1,early,TRUE,TRUE,Both,Cluster I,"Higher Imp
binding",High_Imp,protein_coding,"Overlap
<50nt",TRUE
4,30,0.15384615384615383,2,FBgn0014411,Vps26,2543,0.15729453401494298,NA,NA,NA,NA,NA,NA,NA,NA,NA,NA,NA,NA,"Overlap
<50nt",FALSE
5,90,0.0588235294117647,1,FBgn0015019,CCT3,2165,0.2309468822170901,NA;Down-regulated;NA,NA,Down-regulated,NA,early,TRUE,TRUE,Both,Cluster I,"Higher Imp
binding",High_Imp,protein_coding,"Overlap
<50nt",TRUE
0,290,0,0,FBgn0015218,eIF4E1,2235,0,NA,NA,NA,NA,NA,NA,NA,NA,NA,NA,NA,NA,"Overlap
<50nt",FALSE
75,340,0.2830188679245283,17,FBgn0015222,Fer1HCH,2376,3.156565656565657,Peak-3;NA;NA,Peak-3,NA,NA,late,TRUE,TRUE,Both,NA,N/A,NA,NA,"Overlap
>50nt",TRUE
0,45,0,0,FBgn0015229,glec,2050,0,Peak-3;NA;Down-regulated,Peak-3,NA,Down-regulated,early,TRUE,TRUE,Both,NA,N/A,NA,NA,"Overlap
<50nt",TRUE
9,425,0.02163461538461538,2,FBgn0015286,Rala,2751,0.3271537622682661,NA,NA,NA,NA,NA,NA,NA,NA,NA,NA,NA,NA,"Overlap
<50nt",FALSE
3,120,0.02564102564102564,1,FBgn0015320,Ubc2,2252,0.13321492007104796,NA;NA;Up-regulated,NA,NA,Up-regulated,late,TRUE,TRUE,Both,Cluster III,"Higher Syp
binding",High_Syp,protein_coding,"Overlap
<50nt",TRUE
0,30,0,0,FBgn0015321,Ubc4,1709,0,NA,NA,NA,NA,NA,NA,NA,NA,NA,NA,NA,NA,"Overlap
<50nt",FALSE
0,15,0,0,FBgn0015371,chn,6256,0,NA;Peak-2;NA,NA,Peak-2,NA,early,TRUE,TRUE,Both,Cluster III,"Higher Syp
binding",High_Syp,protein_coding,"Overlap
<50nt",TRUE
4,100,0.04166666666666666,2,FBgn0015622,Cnx99A,2795,0.14311270125223613,NA,NA,NA,NA,NA,NA,NA,NA,NA,NA,NA,NA,"Overlap
<50nt",FALSE
191,650,0.41612200435729846,46,FBgn0015766,Msr-110,2902,6.581667815299793,NA;Peak-1;NA,NA,Peak-1,NA,early,TRUE,TRUE,Both,Cluster II,"Higher Imp
binding",High_Imp,protein_coding,"Overlap
>50nt",TRUE
33,195,0.2037037037037037,8,FBgn0015776,nrv1,2195,1.5034168564920272,NA,NA,NA,NA,NA,NA,NA,NA,NA,NA,NA,NA,"Overlap
<50nt",FALSE
59,565,0.116600790513834,15,FBgn0015777,nrv2,3568,1.6535874439461882,NA;NA;Down-regulated,NA,NA,Down-regulated,early,TRUE,TRUE,Both,Cluster II,"Higher Imp
binding",High_Imp,protein_coding,"Overlap
>50nt",TRUE
25,1105,0.02314814814814814,7,FBgn0015778,rin,5711,0.43775170723165824,Down-regulated;Peak-1;Peak-1,Down-regulated,Peak-1,Peak-1,early,TRUE,TRUE,Both,Cluster II,"Higher Imp
binding",High_Imp,protein_coding,"Overlap
<50nt",TRUE
5,325,0.015625,1,FBgn0015903,apt,3696,0.13528138528138528,Mid-peaks;Down-regulated;NA,Mid-peaks,Down-regulated,NA,early,TRUE,TRUE,Both,Cluster II,"Higher Imp
binding",High_Imp,protein_coding,"Overlap
<50nt",TRUE
6,275,0.02230483271375464,2,FBgn0016041,Tom40,2395,0.25052192066805845,Down-regulated;Peak-1;NA,Down-regulated,Peak-1,NA,early,TRUE,TRUE,Both,Cluster I,"Higher Imp
binding",High_Imp,protein_coding,"Overlap
<50nt",TRUE
0,145,0,0,FBgn0016075,vkg,6503,0,NA,NA,NA,NA,NA,NA,NA,NA,NA,NA,NA,NA,"Overlap
<50nt",FALSE
17,210,0.08808290155440414,5,FBgn0016685,Nlp,1080,1.574074074074074,NA;NA;Down-regulated,NA,NA,Down-regulated,early,TRUE,TRUE,Both,Cluster II,"Higher Imp
binding",High_Imp,protein_coding,"Overlap
<50nt",TRUE
5,535,0.00943396226415094,1,FBgn0016694,Pdp1,12138,0.04119294776734223,Down-regulated;Down-regulated;Peak-1,Down-regulated,Down-regulated,Peak-1,early,TRUE,TRUE,Both,Cluster I,"Higher Imp
binding",High_Imp,protein_coding,"Overlap
<50nt",TRUE
43,250,0.20772946859903385,10,FBgn0016797,fz2,7422,0.579358663433037,NA;Peak-1;Down-regulated,NA,Peak-1,Down-regulated,early,TRUE,TRUE,Both,Cluster V,"Peak L2 Syp
binding",Peak_L2Syp,protein_coding,"Overlap
<50nt",TRUE
0,785,0,0,FBgn0016977,spen,23035,0,NA;NA;Peak-1,NA,NA,Peak-1,early,TRUE,TRUE,Both,Cluster II,"Higher Imp
binding",High_Imp,protein_coding,"Overlap
<50nt",TRUE
0,320,0,0,FBgn0017418,ari-1,4815,0,NA,NA,NA,NA,NA,NA,NA,NA,NA,NA,NA,NA,"Overlap
<50nt",FALSE
18,220,0.0891089108910891,4,FBgn0017572,Mo25,2255,0.7982261640798226,NA,NA,NA,NA,NA,NA,NA,NA,NA,NA,NA,NA,"Overlap
<50nt",FALSE
11,595,0.01883561643835616,3,FBgn0017581,Lk6,6807,0.16159835463493463,NA;NA;Peak-1,NA,NA,Peak-1,early,TRUE,TRUE,Both,Cluster II,"Higher Imp
binding",High_Imp,protein_coding,"Overlap
<50nt",TRUE
0,120,0,0,FBgn0019925,Surf4,1641,0,NA,NA,NA,NA,NA,NA,NA,NA,NA,NA,NA,NA,"Overlap
<50nt",FALSE
9,40,0.2903225806451613,2,FBgn0019960,Mitofilin,3000,0.3,NA,NA,NA,NA,NA,NA,NA,NA,NA,NA,NA,NA,"Overlap
<50nt",FALSE
94,875,0.1203585147247119,24,FBgn0020238,14-3-3epsilon,3366,2.7926322043969103,NA,NA,NA,NA,NA,NA,NA,NA,NA,NA,NA,NA,"Overlap
>50nt",FALSE
75,455,0.1973684210526316,17,FBgn0020255,Ran,1898,3.951527924130664,Up-regulated;Up-regulated;Peak-3,Up-regulated,Up-regulated,Peak-3,late,TRUE,TRUE,Both,Cluster I,"Higher Imp
binding",High_Imp,protein_coding,"Overlap
>50nt",TRUE
3,440,0.0068649885583524,2,FBgn0020279,lig,6258,0.04793863854266538,NA,NA,NA,NA,NA,NA,NA,NA,NA,NA,NA,NA,"Overlap
<50nt",FALSE
5,45,0.125,1,FBgn0020306,dom,13020,0.03840245775729647,NA,NA,NA,NA,NA,NA,NA,NA,NA,NA,NA,NA,"Overlap
<50nt",FALSE
0,335,0,0,FBgn0020309,crol,7421,0,NA,NA,NA,NA,NA,NA,NA,NA,NA,NA,NA,NA,"Overlap
<50nt",FALSE
17,435,0.04066985645933014,5,FBgn0020443,eRF3,4409,0.38557496030845995,NA,NA,NA,NA,NA,NA,NA,NA,NA,NA,NA,NA,"Overlap
<50nt",FALSE
8,955,0.00844772967265047,3,FBgn0020496,CtBP,6448,0.1240694789081886,NA,NA,NA,NA,NA,NA,NA,NA,NA,NA,NA,NA,"Overlap
<50nt",FALSE
0,145,0,0,FBgn0020497,emb,4492,0,NA;NA;Up-regulated,NA,NA,Up-regulated,late,TRUE,TRUE,Both,Cluster II,"Higher Imp
binding",High_Imp,protein_coding,"Overlap
<50nt",TRUE
0,25,0,0,FBgn0020503,CLIP-190,8115,0,NA,NA,NA,NA,NA,NA,NA,NA,NA,NA,NA,NA,"Overlap
<50nt",FALSE
0,110,0,0,FBgn0020622,Pi3K21B,4938,0,NA;Down-regulated;NA,NA,Down-regulated,NA,early,TRUE,TRUE,Both,Cluster I,"Higher Imp
binding",High_Imp,protein_coding,"Overlap
<50nt",TRUE
23,105,0.2804878048780488,6,FBgn0020653,Trxr-1,2790,0.8243727598566308,NA,NA,NA,NA,NA,NA,NA,NA,NA,NA,NA,NA,"Overlap
<50nt",FALSE
0,50,0,0,FBgn0021776,mira,3322,0,NA,NA,NA,NA,NA,NA,NA,NA,NA,NA,NA,NA,"Overlap
<50nt",FALSE
193,825,0.30537974683544306,44,FBgn0021895,ytr,2209,8.736985061113627,Up-regulated;NA;Peak-3,Up-regulated,NA,Peak-3,late,TRUE,TRUE,Both,Cluster I,"Higher Imp
binding",High_Imp,protein_coding,"Overlap
>50nt",TRUE
14,440,0.03286384976525822,6,FBgn0022238,lolal,2402,0.5828476269775187,Up-regulated;NA;Up-regulated,Up-regulated,NA,Up-regulated,late,TRUE,TRUE,Both,Cluster II,"Higher Imp
binding",High_Imp,protein_coding,"Overlap
<50nt",TRUE
6,85,0.0759493670886076,2,FBgn0022349,CG1910,3199,0.1875586120662707,NA;Down-regulated;NA,NA,Down-regulated,NA,early,TRUE,TRUE,Both,NA,N/A,NA,NA,"Overlap
<50nt",TRUE
0,220,0,0,FBgn0022382,Pka-R2,4855,0,NA,NA,NA,NA,NA,NA,NA,NA,NA,NA,NA,NA,"Overlap
<50nt",FALSE
117,555,0.2671232876712329,23,FBgn0022893,Df31,2083,5.616898703792607,NA,NA,NA,NA,NA,NA,NA,NA,NA,NA,NA,NA,"Overlap
>50nt",FALSE
68,605,0.1266294227188082,16,FBgn0022959,yps,2677,2.5401568920433317,NA,NA,NA,NA,NA,NA,NA,NA,NA,NA,NA,NA,"Overlap
>50nt",FALSE
0,180,0,0,FBgn0022987,qkr54B,4432,0,NA,NA,NA,NA,NA,NA,NA,NA,NA,NA,NA,NA,"Overlap
<50nt",FALSE
9,45,0.25,2,FBgn0023083,fray,4423,0.20348179968347277,NA,NA,NA,NA,NA,NA,NA,NA,NA,NA,NA,NA,"Overlap
<50nt",FALSE
0,30,0,0,FBgn0023169,AMPKalpha,2853,0,NA,NA,NA,NA,NA,NA,NA,NA,NA,NA,NA,NA,"Overlap
<50nt",FALSE
35,185,0.23333333333333336,9,FBgn0023212,EloB,1207,2.899751449875725,NA;Up-regulated;NA,NA,Up-regulated,NA,late,TRUE,TRUE,Both,Cluster V,"Peak L2 Syp
binding",Peak_L2Syp,protein_coding,"Overlap
<50nt",TRUE
0,150,0,0,FBgn0023213,eIF4G1,6565,0,Peak-1;NA;NA,Peak-1,NA,NA,early,TRUE,TRUE,Both,NA,N/A,NA,NA,"Overlap
<50nt",TRUE
10,415,0.02469135802469135,2,FBgn0023215,Mnt,4556,0.21949078138718175,NA;NA;Peak-1,NA,NA,Peak-1,early,TRUE,TRUE,Both,Cluster I,"Higher Imp
binding",High_Imp,protein_coding,"Overlap
<50nt",TRUE
0,290,0,1,FBgn0024183,vig,3372,0,Down-regulated;Peak-1;Peak-1,Down-regulated,Peak-1,Peak-1,early,TRUE,TRUE,Both,Cluster II,"Higher Imp
binding",High_Imp,protein_coding,"Overlap
<50nt",TRUE
0,10,0,0,FBgn0024352,Stip1,2023,0,NA;Peak-1;Down-regulated,NA,Peak-1,Down-regulated,early,TRUE,TRUE,Both,Cluster VI,Other,Other,protein_coding,"Overlap
<50nt",TRUE
3,55,0.05769230769230769,2,FBgn0024432,Dlc90F,816,0.3676470588235294,NA,NA,NA,NA,NA,NA,NA,NA,NA,NA,NA,NA,"Overlap
<50nt",FALSE
29,605,0.05034722222222222,8,FBgn0024734,PRL-1,3790,0.7651715039577837,NA,NA,NA,NA,NA,NA,NA,NA,NA,NA,NA,NA,"Overlap
<50nt",FALSE
10,70,0.16666666666666666,4,FBgn0024804,Dbp80,2367,0.42247570764681025,Peak-2;Down-regulated;Peak-1,Peak-2,Down-regulated,Peak-1,early,TRUE,TRUE,Both,Cluster IV,"Higher Syp
binding",High_Syp,protein_coding,"Overlap
<50nt",TRUE
0,105,0,0,FBgn0024921,Tnpo,5598,0,NA;NA;Up-regulated,NA,NA,Up-regulated,late,TRUE,TRUE,Both,NA,N/A,NA,NA,"Overlap
<50nt",TRUE
0,50,0,0,FBgn0025394,inc,4686,0,NA;Down-regulated;NA,NA,Down-regulated,NA,early,TRUE,TRUE,Both,Cluster II,"Higher Imp
binding",High_Imp,protein_coding,"Overlap
<50nt",TRUE
0,355,0,0,FBgn0025741,PlexA,10614,0,NA,NA,NA,NA,NA,NA,NA,NA,NA,NA,NA,NA,"Overlap
<50nt",FALSE
0,130,0,0,FBgn0025800,Smox,4521,0,NA,NA,NA,NA,NA,NA,NA,NA,NA,NA,NA,NA,"Overlap
<50nt",FALSE
0,105,0,0,FBgn0025836,RhoGAP1A,6068,0,NA,NA,NA,NA,NA,NA,NA,NA,NA,NA,NA,NA,"Overlap
<50nt",FALSE
9,130,0.0743801652892562,2,FBgn0026061,Mipp1,2078,0.4331087584215592,NA,NA,NA,NA,NA,NA,NA,NA,NA,NA,NA,NA,"Overlap
<50nt",FALSE
45,280,0.1914893617021277,12,FBgn0026077,Gasp,2355,1.910828025477707,NA;NA;Peak-3,NA,NA,Peak-3,late,TRUE,TRUE,Both,Cluster I,"Higher Imp
binding",High_Imp,protein_coding,"Overlap
<50nt",TRUE
24,220,0.12244897959183672,6,FBgn0026084,cib,1771,1.355166572557877,NA,NA,NA,NA,NA,NA,NA,NA,NA,NA,NA,NA,"Overlap
<50nt",FALSE
0,80,0,0,FBgn0026160,tna,6969,0,Peak-3;NA;NA,Peak-3,NA,NA,late,TRUE,TRUE,Both,Cluster III,"Higher Syp
binding",High_Syp,protein_coding,"Overlap
<50nt",TRUE
0,50,0,0,FBgn0026179,siz,6940,0,NA,NA,NA,NA,NA,NA,NA,NA,NA,NA,NA,NA,"Overlap
<50nt",FALSE
0,45,0,0,FBgn0026192,par-6,3032,0,NA,NA,NA,NA,NA,NA,NA,NA,NA,NA,NA,NA,"Overlap
<50nt",FALSE
34,425,0.08695652173913043,6,FBgn0026197,lncRNA:noe,1077,3.1569173630454963,Up-regulated;Up-regulated;NA,Up-regulated,Up-regulated,NA,late,TRUE,TRUE,Both,Cluster III,"Higher Syp
binding",High_Syp,ncRNA,"Overlap
<50nt",TRUE
0,1655,0,0,FBgn0026206,mei-P26,23228,0,NA,NA,NA,NA,NA,NA,NA,NA,NA,NA,NA,NA,"Overlap
<50nt",FALSE
110,515,0.2716049382716049,24,FBgn0026250,eIF1A,1720,6.395348837209303,Down-regulated;NA;Down-regulated,Down-regulated,NA,Down-regulated,early,TRUE,TRUE,Both,Cluster I,"Higher Imp
binding",High_Imp,protein_coding,"Overlap
>50nt",TRUE
0,235,0,0,FBgn0026262,bip2,4514,0,Peak-1;NA;NA,Peak-1,NA,NA,early,TRUE,TRUE,Both,Cluster II,"Higher Imp
binding",High_Imp,protein_coding,"Overlap
<50nt",TRUE
5,255,0.02,1,FBgn0026401,Nipped-B,6711,0.07450454477723141,NA,NA,NA,NA,NA,NA,NA,NA,NA,NA,NA,NA,"Overlap
<50nt",FALSE
4,190,0.02150537634408602,1,FBgn0026409,Mpcp2,1823,0.2194185408667033,Peak-1;NA;Down-regulated,Peak-1,NA,Down-regulated,early,TRUE,TRUE,Both,Cluster I,"Higher Imp
binding",High_Imp,protein_coding,"Overlap
<50nt",TRUE
33,190,0.21019108280254775,4,FBgn0026418,Hsc70Cb,3751,0.8797653958944283,NA,NA,NA,NA,NA,NA,NA,NA,NA,NA,NA,NA,"Overlap
<50nt",FALSE
2,185,0.01092896174863388,1,FBgn0026439,Eaat1,3139,0.06371455877668047,NA;Peak-2;NA,NA,Peak-2,NA,early,TRUE,TRUE,Both,Cluster I,"Higher Imp
binding",High_Imp,protein_coding,"Overlap
<50nt",TRUE
0,35,0,0,FBgn0026620,tacc,6246,0,NA;NA;Up-regulated,NA,NA,Up-regulated,late,TRUE,TRUE,Both,NA,N/A,NA,NA,"Overlap
<50nt",TRUE
0,70,0,0,FBgn0026869,Thd1,13125,0,Down-regulated;Down-regulated;V3-regulated,Down-regulated,Down-regulated,V3-regulated,early,TRUE,TRUE,Both,Cluster II,"Higher Imp
binding",High_Imp,protein_coding,"Overlap
<50nt",TRUE
37,300,0.14068441064638784,7,FBgn0027066,Eb1,2715,1.3627992633517496,NA,NA,NA,NA,NA,NA,NA,NA,NA,NA,NA,NA,"Overlap
<50nt",FALSE
8,60,0.15384615384615383,3,FBgn0027081,ThrRS,2896,0.2762430939226519,Up-regulated;NA;Peak-3,Up-regulated,NA,Peak-3,late,TRUE,TRUE,Both,Cluster IV,"Higher Syp
binding",High_Syp,protein_coding,"Overlap
<50nt",TRUE
0,125,0,0,FBgn0027101,Dyrk3,4083,0,NA,NA,NA,NA,NA,NA,NA,NA,NA,NA,NA,NA,"Overlap
<50nt",FALSE
0,350,0,0,FBgn0027108,Inx2,5480,0,NA,NA,NA,NA,NA,NA,NA,NA,NA,NA,NA,NA,"Overlap
<50nt",FALSE
5,225,0.02272727272727272,1,FBgn0027291,Idh3a,2104,0.2376425855513308,NA,NA,NA,NA,NA,NA,NA,NA,NA,NA,NA,NA,"Overlap
<50nt",FALSE
8,125,0.06837606837606838,2,FBgn0027329,CCT6,1924,0.4158004158004158,NA,NA,NA,NA,NA,NA,NA,NA,NA,NA,NA,NA,"Overlap
<50nt",FALSE
43,255,0.2028301886792453,8,FBgn0027338,Kap-alpha3,2867,1.499825601674224,NA;NA;Peak-2,NA,NA,Peak-2,early,TRUE,TRUE,Both,NA,N/A,NA,NA,"Overlap
<50nt",TRUE
5,1430,0.00350877192982456,1,FBgn0027339,jim,14271,0.03503608716978488,NA,NA,NA,NA,NA,NA,NA,NA,NA,NA,NA,NA,"Overlap
<50nt",FALSE
21,195,0.1206896551724138,5,FBgn0027341,Gfat1,4155,0.5054151624548736,NA;NA;Peak-3,NA,NA,Peak-3,late,TRUE,TRUE,Both,Cluster V,"Peak L2 Syp
binding",Peak_L2Syp,protein_coding,"Overlap
<50nt",TRUE
0,490,0,0,FBgn0027492,wdb,7655,0,NA;Peak-1;NA,NA,Peak-1,NA,early,TRUE,TRUE,Both,Cluster II,"Higher Imp
binding",High_Imp,protein_coding,"Overlap
<50nt",TRUE
0,25,0,0,FBgn0027495,Smyd4-4,2474,0,NA,NA,NA,NA,NA,NA,NA,NA,NA,NA,NA,NA,"Overlap
<50nt",FALSE
5,390,0.01298701298701298,1,FBgn0027527,Osi6,1846,0.27085590465872156,NA,NA,NA,NA,NA,NA,NA,NA,NA,NA,NA,NA,"Overlap
<50nt",FALSE
5,95,0.05555555555555555,1,FBgn0027556,CG4928,4520,0.11061946902654868,NA,NA,NA,NA,NA,NA,NA,NA,NA,NA,NA,NA,"Overlap
<50nt",FALSE
10,125,0.08695652173913043,4,FBgn0027619,eIF3j,1363,0.7336757153338225,NA,NA,NA,NA,NA,NA,NA,NA,NA,NA,NA,NA,"Overlap
<50nt",FALSE
47,450,0.11662531017369727,15,FBgn0027835,Dp1,6962,0.675093363975869,NA,NA,NA,NA,NA,NA,NA,NA,NA,NA,NA,NA,"Overlap
<50nt",FALSE
11,405,0.02791878172588832,4,FBgn0027932,Akap200,3972,0.27693856998992955,NA,NA,NA,NA,NA,NA,NA,NA,NA,NA,NA,NA,"Overlap
<50nt",FALSE
17,135,0.1440677966101695,3,FBgn0028325,Pdha,2151,0.7903300790330079,NA,NA,NA,NA,NA,NA,NA,NA,NA,NA,NA,NA,"Overlap
<50nt",FALSE
18,290,0.0661764705882353,6,FBgn0028327,l(1)G0320,1943,0.9264024704065876,Up-regulated;NA;NA,Up-regulated,NA,NA,late,TRUE,TRUE,Both,Cluster II,"Higher Imp
binding",High_Imp,protein_coding,"Overlap
<50nt",TRUE
5,90,0.0588235294117647,2,FBgn0028371,jbug,10434,0.04792026068621814,NA,NA,NA,NA,NA,NA,NA,NA,NA,NA,NA,NA,"Overlap
<50nt",FALSE
0,130,0,0,FBgn0028430,He,673,0,NA,NA,NA,NA,NA,NA,NA,NA,NA,NA,NA,NA,"Overlap
<50nt",FALSE
0,25,0,0,FBgn0028506,CG4455,1528,0,NA,NA,NA,NA,NA,NA,NA,NA,NA,NA,NA,NA,"Overlap
<50nt",FALSE
1,30,0.03448275862068965,1,FBgn0028544,Vajk3,1413,0.07077140835102619,NA,NA,NA,NA,NA,NA,NA,NA,NA,NA,NA,NA,"Overlap
<50nt",FALSE
0,115,0,0,FBgn0028582,lqf,6521,0,NA,NA,NA,NA,NA,NA,NA,NA,NA,NA,NA,NA,"Overlap
<50nt",FALSE
0,125,0,0,FBgn0028670,Vha100-2,3222,0,NA;NA;Peak-1,NA,NA,Peak-1,early,TRUE,TRUE,Both,Cluster II,"Higher Imp
binding",High_Imp,protein_coding,"Overlap
<50nt",TRUE
5,50,0.1111111111111111,1,FBgn0028871,Cpr35B,813,0.6150061500615006,NA,NA,NA,NA,NA,NA,NA,NA,NA,NA,NA,NA,"Overlap
<50nt",FALSE
34,150,0.29310344827586204,6,FBgn0029133,REG,1830,1.8579234972677592,NA,NA,NA,NA,NA,NA,NA,NA,NA,NA,NA,NA,"Overlap
<50nt",FALSE
0,50,0,0,FBgn0029152,Mkrn1,2884,0,NA,NA,NA,NA,NA,NA,NA,NA,NA,NA,NA,NA,"Overlap
<50nt",FALSE
0,355,0,0,FBgn0029155,Men-b,3381,0,NA;Down-regulated;NA,NA,Down-regulated,NA,early,TRUE,TRUE,Both,Cluster I,"Higher Imp
binding",High_Imp,protein_coding,"Overlap
<50nt",TRUE
57,220,0.3496932515337423,15,FBgn0029506,Tsp42Ee,1463,3.896103896103896,NA,NA,NA,NA,NA,NA,NA,NA,NA,NA,NA,NA,"Overlap
>50nt",FALSE
8,190,0.04395604395604396,1,FBgn0029666,CG10803,4906,0.16306563391765186,NA,NA,NA,NA,NA,NA,NA,NA,NA,NA,NA,NA,"Overlap
<50nt",FALSE
60,740,0.08823529411764706,14,FBgn0029687,Vap33,3897,1.539645881447267,NA,NA,NA,NA,NA,NA,NA,NA,NA,NA,NA,NA,"Overlap
>50nt",FALSE
62,225,0.3803680981595092,13,FBgn0029715,CG11444,1282,4.83619344773791,NA,NA,NA,NA,NA,NA,NA,NA,NA,NA,NA,NA,"Overlap
>50nt",FALSE
5,250,0.02040816326530612,1,FBgn0029881,pigs,6721,0.074393691414968,NA,NA,NA,NA,NA,NA,NA,NA,NA,NA,NA,NA,"Overlap
<50nt",FALSE
0,110,0,0,FBgn0029896,CG3168,5171,0,NA,NA,NA,NA,NA,NA,NA,NA,NA,NA,NA,NA,"Overlap
<50nt",FALSE
10,560,0.01818181818181818,1,FBgn0029903,pod1,6691,0.1494544911074578,NA,NA,NA,NA,NA,NA,NA,NA,NA,NA,NA,NA,"Overlap
<50nt",FALSE
0,350,0,0,FBgn0029979,mahe,8365,0,NA;Peak-1;NA,NA,Peak-1,NA,early,TRUE,TRUE,Both,Cluster III,"Higher Syp
binding",High_Syp,protein_coding,"Overlap
<50nt",TRUE
4,285,0.01423487544483985,2,FBgn0029996,UbcE2H,3083,0.12974375608173855,NA;Peak-1;Up-regulated,NA,Peak-1,Up-regulated,late,TRUE,TRUE,Both,Cluster II,"Higher Imp
binding",High_Imp,protein_coding,"Overlap
<50nt",TRUE
0,30,0,0,FBgn0030049,Trf4-1,7452,0,NA,NA,NA,NA,NA,NA,NA,NA,NA,NA,NA,NA,"Overlap
<50nt",FALSE
38,260,0.17117117117117117,10,FBgn0030086,CCT2,2121,1.7916077322017916,NA,NA,NA,NA,NA,NA,NA,NA,NA,NA,NA,NA,"Overlap
<50nt",FALSE
5,335,0.01515151515151515,1,FBgn0030268,Klp10A,5150,0.0970873786407767,NA,NA,NA,NA,NA,NA,NA,NA,NA,NA,NA,NA,"Overlap
<50nt",FALSE
0,180,0,0,FBgn0030276,Dlic,3811,0,NA,NA,NA,NA,NA,NA,NA,NA,NA,NA,NA,NA,"Overlap
<50nt",FALSE
5,40,0.14285714285714285,1,FBgn0030305,Uba5,1432,0.34916201117318435,NA,NA,NA,NA,NA,NA,NA,NA,NA,NA,NA,NA,"Overlap
<50nt",FALSE
0,470,0,0,FBgn0030328,Amun,4444,0,NA,NA,NA,NA,NA,NA,NA,NA,NA,NA,NA,NA,"Overlap
<50nt",FALSE
0,50,0,0,FBgn0030336,CG1578,4720,0,NA;NA;Peak-1,NA,NA,Peak-1,early,TRUE,TRUE,Both,Cluster II,"Higher Imp
binding",High_Imp,protein_coding,"Overlap
<50nt",TRUE
5,40,0.14285714285714285,1,FBgn0030340,CG15740,3265,0.1531393568147014,NA,NA,NA,NA,NA,NA,NA,NA,NA,NA,NA,NA,"Overlap
<50nt",FALSE
5,95,0.05555555555555555,1,FBgn0030394,Cpr11A,1326,0.3770739064856712,NA,NA,NA,NA,NA,NA,NA,NA,NA,NA,NA,NA,"Overlap
<50nt",FALSE
0,25,0,0,FBgn0030479,Rbp1-like,3330,0,NA,NA,NA,NA,NA,NA,NA,NA,NA,NA,NA,NA,"Overlap
<50nt",FALSE
10,350,0.02941176470588235,3,FBgn0030520,Pdcd4,3431,0.2914602156805596,NA;Down-regulated;Down-regulated,NA,Down-regulated,Down-regulated,early,TRUE,TRUE,Both,Cluster VI,Other,Other,protein_coding,"Overlap
<50nt",TRUE
9,135,0.07142857142857142,2,FBgn0030529,Clic,1839,0.48939641109298526,NA,NA,NA,NA,NA,NA,NA,NA,NA,NA,NA,NA,"Overlap
<50nt",FALSE
0,15,0,0,FBgn0030539,CG1368,774,0,NA,NA,NA,NA,NA,NA,NA,NA,NA,NA,NA,NA,"Overlap
<50nt",FALSE
33,290,0.12840466926070038,7,FBgn0030617,CG9095,5367,0.6148686416992734,NA,NA,NA,NA,NA,NA,NA,NA,NA,NA,NA,NA,"Overlap
<50nt",FALSE
0,190,0,0,FBgn0030672,CG9281,3267,0,Down-regulated;NA;Down-regulated,Down-regulated,NA,Down-regulated,early,TRUE,TRUE,Both,Cluster I,"Higher Imp
binding",High_Imp,protein_coding,"Overlap
<50nt",TRUE
0,40,0,0,FBgn0030674,HUWE1,16799,0,NA,NA,NA,NA,NA,NA,NA,NA,NA,NA,NA,NA,"Overlap
<50nt",FALSE
27,325,0.09060402684563758,6,FBgn0030719,eIF5,3203,0.8429597252575711,NA,NA,NA,NA,NA,NA,NA,NA,NA,NA,NA,NA,"Overlap
<50nt",FALSE
0,40,0,0,FBgn0030749,AnxB11,2976,0,NA,NA,NA,NA,NA,NA,NA,NA,NA,NA,NA,NA,"Overlap
<50nt",FALSE
10,105,0.10526315789473684,2,FBgn0030791,CG9132,2747,0.3640334910811795,NA,NA,NA,NA,NA,NA,NA,NA,NA,NA,NA,NA,"Overlap
<50nt",FALSE
0,60,0,0,FBgn0031097,obst-A,1905,0,NA,NA,NA,NA,NA,NA,NA,NA,NA,NA,NA,NA,"Overlap
<50nt",FALSE
0,95,0,0,FBgn0031268,cold,1158,0,NA,NA,NA,NA,NA,NA,NA,NA,NA,NA,NA,NA,"Overlap
<50nt",FALSE
47,755,0.06638418079096045,12,FBgn0031453,Bacc,2718,1.7292126563649743,Fluctuating;NA;Peak-1,Fluctuating,NA,Peak-1,early,TRUE,TRUE,Both,Cluster VI,Other,Other,protein_coding,"Overlap
<50nt",TRUE
0,35,0,0,FBgn0031589,Naprt,3288,0,NA;NA;Peak-2,NA,NA,Peak-2,early,TRUE,TRUE,Both,Cluster I,"Higher Imp
binding",High_Imp,protein_coding,"Overlap
<50nt",TRUE
33,270,0.13924050632911392,5,FBgn0031629,Clect27,1652,1.9975786924939467,NA,NA,NA,NA,NA,NA,NA,NA,NA,NA,NA,NA,"Overlap
<50nt",FALSE
0,85,0,0,FBgn0031681,Pgant5,4545,0,NA;Down-regulated;NA,NA,Down-regulated,NA,early,TRUE,TRUE,Both,Cluster V,"Peak L2 Syp
binding",Peak_L2Syp,protein_coding,"Overlap
<50nt",TRUE
10,45,0.2857142857142857,1,FBgn0031738,CG9171,5434,0.18402649981597352,NA,NA,NA,NA,NA,NA,NA,NA,NA,NA,NA,NA,"Overlap
<50nt",FALSE
4,240,0.01694915254237288,2,FBgn0031769,CG9135,2412,0.16583747927031509,NA,NA,NA,NA,NA,NA,NA,NA,NA,NA,NA,NA,"Overlap
<50nt",FALSE
0,55,0,0,FBgn0031885,Mnn1,5292,0,NA;Down-regulated;NA,NA,Down-regulated,NA,early,TRUE,TRUE,Both,Cluster I,"Higher Imp
binding",High_Imp,protein_coding,"Overlap
<50nt",TRUE
4,20,0.25,2,FBgn0031942,CG7203,730,0.547945205479452,NA,NA,NA,NA,NA,NA,NA,NA,NA,NA,NA,NA,"Overlap
<50nt",FALSE
3,105,0.02941176470588235,2,FBgn0031957,TwdlE,1346,0.22288261515601784,NA,NA,NA,NA,NA,NA,NA,NA,NA,NA,NA,NA,"Overlap
<50nt",FALSE
10,125,0.08695652173913043,1,FBgn0031992,Acbp1,525,1.9047619047619049,NA,NA,NA,NA,NA,NA,NA,NA,NA,NA,NA,NA,"Overlap
<50nt",FALSE
3,470,0.00642398286937901,2,FBgn0032021,CG7781,1981,0.1514386673397274,NA,NA,NA,NA,NA,NA,NA,NA,NA,NA,NA,NA,"Overlap
<50nt",FALSE
0,55,0,0,FBgn0032129,jp,6900,0,NA,NA,NA,NA,NA,NA,NA,NA,NA,NA,NA,NA,"Overlap
<50nt",FALSE
5,95,0.05555555555555555,1,FBgn0032229,CG5045,1175,0.425531914893617,NA,NA,NA,NA,NA,NA,NA,NA,NA,NA,NA,NA,"Overlap
<50nt",FALSE
0,75,0,0,FBgn0032341,Reps,4820,0,NA,NA,NA,NA,NA,NA,NA,NA,NA,NA,NA,NA,"Overlap
<50nt",FALSE
0,50,0,0,FBgn0032518,RpL24,1265,0,Peak-2;NA;Down-regulated,Peak-2,NA,Down-regulated,early,TRUE,TRUE,Both,Cluster IV,"Higher Syp
binding",High_Syp,protein_coding,"Overlap
<50nt",TRUE
42,155,0.3716814159292035,9,FBgn0032586,Tpr2,3043,1.3802168912257642,Up-regulated;NA;NA,Up-regulated,NA,NA,late,TRUE,TRUE,Both,NA,N/A,NA,NA,"Overlap
<50nt",TRUE
0,50,0,0,FBgn0032689,CG10413,4010,0,NA,NA,NA,NA,NA,NA,NA,NA,NA,NA,NA,NA,"Overlap
<50nt",FALSE
15,105,0.16666666666666666,3,FBgn0032773,fon,2276,0.6590509666080844,NA,NA,NA,NA,NA,NA,NA,NA,NA,NA,NA,NA,"Overlap
<50nt",FALSE
13,50,0.35135135135135137,3,FBgn0032880,TM9SF2,2810,0.4626334519572953,NA,NA,NA,NA,NA,NA,NA,NA,NA,NA,NA,NA,"Overlap
<50nt",FALSE
10,165,0.06451612903225806,1,FBgn0032901,sky,6439,0.15530361857431277,NA,NA,NA,NA,NA,NA,NA,NA,NA,NA,NA,NA,"Overlap
<50nt",FALSE
0,25,0,0,FBgn0033010,Atf6,4085,0,NA,NA,NA,NA,NA,NA,NA,NA,NA,NA,NA,NA,"Overlap
<50nt",FALSE
19,190,0.1111111111111111,4,FBgn0033033,scaf,3462,0.5488157134604276,NA,NA,NA,NA,NA,NA,NA,NA,NA,NA,NA,NA,"Overlap
<50nt",FALSE
0,10,0,0,FBgn0033244,CG8726,3470,0,NA,NA,NA,NA,NA,NA,NA,NA,NA,NA,NA,NA,"Overlap
<50nt",FALSE
3,60,0.05263157894736842,1,FBgn0033497,CG12912,6466,0.0463965357253325,NA;NA;Up-regulated,NA,NA,Up-regulated,late,TRUE,TRUE,Both,Cluster II,"Higher Imp
binding",High_Imp,protein_coding,"Overlap
<50nt",TRUE
0,70,0,0,FBgn0033504,CAP,18042,0,NA,NA,NA,NA,NA,NA,NA,NA,NA,NA,NA,NA,"Overlap
<50nt",FALSE
17,150,0.12781954887218044,5,FBgn0033529,CG17765,989,1.7189079878665317,Down-regulated;Down-regulated;NA,Down-regulated,Down-regulated,NA,early,TRUE,TRUE,Both,Cluster I,"Higher Imp
binding",High_Imp,protein_coding,"Overlap
<50nt",TRUE
15,130,0.13043478260869565,4,FBgn0033919,CG8547,2835,0.5291005291005291,NA,NA,NA,NA,NA,NA,NA,NA,NA,NA,NA,NA,"Overlap
<50nt",FALSE
19,120,0.18811881188118812,4,FBgn0034091,mrj,3286,0.5782105903834449,NA,NA,NA,NA,NA,NA,NA,NA,NA,NA,NA,NA,"Overlap
<50nt",FALSE
9,95,0.10465116279069768,2,FBgn0034204,CG10953,1489,0.6044325050369375,NA,NA,NA,NA,NA,NA,NA,NA,NA,NA,NA,NA,"Overlap
<50nt",FALSE
0,90,0,0,FBgn0034223,Tes,3102,0,Down-regulated;Down-regulated;NA,Down-regulated,Down-regulated,NA,early,TRUE,TRUE,Both,Cluster II,"Higher Imp
binding",High_Imp,protein_coding,"Overlap
<50nt",TRUE
2,45,0.04651162790697674,2,FBgn0034258,eIF3c,3321,0.06022282445046673,NA;Peak-1;Peak-1,NA,Peak-1,Peak-1,early,TRUE,TRUE,Both,NA,N/A,NA,NA,"Overlap
<50nt",TRUE
32,490,0.06986899563318777,11,FBgn0034282,Mapmodulin,2520,1.2698412698412698,NA,NA,NA,NA,NA,NA,NA,NA,NA,NA,NA,NA,"Overlap
<50nt",FALSE
23,95,0.3194444444444444,8,FBgn0034398,CG15098,953,2.413431269674711,Down-regulated;Down-regulated;NA,Down-regulated,Down-regulated,NA,early,TRUE,TRUE,Both,NA,N/A,NA,NA,"Overlap
<50nt",TRUE
3,85,0.03658536585365853,1,FBgn0034551,CG15225,814,0.36855036855036855,NA,NA,NA,NA,NA,NA,NA,NA,NA,NA,NA,NA,"Overlap
<50nt",FALSE
0,25,0,0,FBgn0034583,CG10527,1160,0,NA,NA,NA,NA,NA,NA,NA,NA,NA,NA,NA,NA,"Overlap
<50nt",FALSE
0,35,0,0,FBgn0034657,LBR,2915,0,NA;Down-regulated;NA,NA,Down-regulated,NA,early,TRUE,TRUE,Both,Cluster III,"Higher Syp
binding",High_Syp,protein_coding,"Overlap
<50nt",TRUE
11,405,0.02791878172588832,3,FBgn0034802,CNBP,2509,0.438421681944998,NA,NA,NA,NA,NA,NA,NA,NA,NA,NA,NA,NA,"Overlap
<50nt",FALSE
8,35,0.2962962962962963,2,FBgn0034885,Eglp4,1804,0.4434589800443459,NA;NA;Up-regulated,NA,NA,Up-regulated,late,TRUE,TRUE,Both,Cluster V,"Peak L2 Syp
binding",Peak_L2Syp,protein_coding,"Overlap
<50nt",TRUE
0,35,0,0,FBgn0034903,sona,5550,0,NA,NA,NA,NA,NA,NA,NA,NA,NA,NA,NA,NA,"Overlap
<50nt",FALSE
7,145,0.05072463768115942,3,FBgn0035020,CG13585,1043,0.6711409395973155,NA,NA,NA,NA,NA,NA,NA,NA,NA,NA,NA,NA,"Overlap
<50nt",FALSE
0,185,0,0,FBgn0035142,Hipk,11604,0,NA;NA;Peak-1,NA,NA,Peak-1,early,TRUE,TRUE,Both,Cluster VI,Other,Other,protein_coding,"Overlap
<50nt",TRUE
66,620,0.11913357400722022,16,FBgn0035397,CG11486,5969,1.1057128497235718,NA,NA,NA,NA,NA,NA,NA,NA,NA,NA,NA,NA,"Overlap
>50nt",FALSE
74,295,0.334841628959276,16,FBgn0035398,Cht7,3953,1.871995952441184,NA,NA,NA,NA,NA,NA,NA,NA,NA,NA,NA,NA,"Overlap
>50nt",FALSE
33,155,0.27049180327868855,6,FBgn0035423,eIF1,681,4.845814977973569,NA,NA,NA,NA,NA,NA,NA,NA,NA,NA,NA,NA,"Overlap
<50nt",FALSE
0,330,0,0,FBgn0035424,Larp4B,10013,0,NA,NA,NA,NA,NA,NA,NA,NA,NA,NA,NA,NA,"Overlap
<50nt",FALSE
31,150,0.2605042016806723,6,FBgn0035499,Chd64,1459,2.1247429746401645,Peak-2;Down-regulated;Peak-1,Peak-2,Down-regulated,Peak-1,early,TRUE,TRUE,Both,Cluster II,"Higher Imp
binding",High_Imp,protein_coding,"Overlap
<50nt",TRUE
0,35,0,0,FBgn0035545,CG12607,1001,0,NA,NA,NA,NA,NA,NA,NA,NA,NA,NA,NA,NA,"Overlap
<50nt",FALSE
20,230,0.09523809523809525,5,FBgn0035601,Uev1A,1706,1.172332942555686,NA,NA,NA,NA,NA,NA,NA,NA,NA,NA,NA,NA,"Overlap
<50nt",FALSE
10,90,0.125,2,FBgn0035622,TM9SF3,2653,0.3769317753486619,NA,NA,NA,NA,NA,NA,NA,NA,NA,NA,NA,NA,"Overlap
<50nt",FALSE
0,20,0,0,FBgn0035710,SP1173,3725,0,Mid-peaks;Down-regulated;Peak-1,Mid-peaks,Down-regulated,Peak-1,early,TRUE,TRUE,Both,Cluster II,"Higher Imp
binding",High_Imp,protein_coding,"Overlap
<50nt",TRUE
0,190,0,0,FBgn0035720,CG10077,5541,0,NA,NA,NA,NA,NA,NA,NA,NA,NA,NA,NA,NA,"Overlap
<50nt",FALSE
17,285,0.06343283582089553,3,FBgn0035772,Sh3beta,3187,0.5334170065892689,NA,NA,NA,NA,NA,NA,NA,NA,NA,NA,NA,NA,"Overlap
<50nt",FALSE
0,75,0,0,FBgn0035844,CG13676,3575,0,NA,NA,NA,NA,NA,NA,NA,NA,NA,NA,NA,NA,"Overlap
<50nt",FALSE
3,55,0.05769230769230769,2,FBgn0035871,BI-1,1247,0.24057738572574175,NA,NA,NA,NA,NA,NA,NA,NA,NA,NA,NA,NA,"Overlap
<50nt",FALSE
5,35,0.16666666666666666,1,FBgn0035906,GstO2,1743,0.2868617326448652,NA;Up-regulated;Peak-3,NA,Up-regulated,Peak-3,late,TRUE,TRUE,Both,Cluster V,"Peak L2 Syp
binding",Peak_L2Syp,protein_coding,"Overlap
<50nt",TRUE
0,140,0,0,FBgn0035909,ergic53,2463,0,NA,NA,NA,NA,NA,NA,NA,NA,NA,NA,NA,NA,"Overlap
<50nt",FALSE
0,110,0,0,FBgn0035917,Zasp66,2812,0,NA,NA,NA,NA,NA,NA,NA,NA,NA,NA,NA,NA,"Overlap
<50nt",FALSE
0,160,0,0,FBgn0035936,Tsp66E,2330,0,NA,NA,NA,NA,NA,NA,NA,NA,NA,NA,NA,NA,"Overlap
<50nt",FALSE
28,545,0.05415860735009671,7,FBgn0036030,CG6767,2361,1.185938161795849,Fluctuating;NA;Down-regulated,Fluctuating,NA,Down-regulated,early,TRUE,TRUE,Both,Cluster I,"Higher Imp
binding",High_Imp,protein_coding,"Overlap
<50nt",TRUE
53,400,0.15273775216138327,13,FBgn0036111,Aps,3115,1.7014446227929372,NA,NA,NA,NA,NA,NA,NA,NA,NA,NA,NA,NA,"Overlap
>50nt",FALSE
42,1135,0.0384263494967978,9,FBgn0036165,chrb,5960,0.7046979865771812,Mid-peaks;Peak-1;Peak-1,Mid-peaks,Peak-1,Peak-1,early,TRUE,TRUE,Both,Cluster VI,Other,Other,protein_coding,"Overlap
<50nt",TRUE
0,25,0,0,FBgn0036316,CG10960,3389,0,NA,NA,NA,NA,NA,NA,NA,NA,NA,NA,NA,NA,"Overlap
<50nt",FALSE
0,150,0,0,FBgn0036318,Wbp2,2007,0,NA,NA,NA,NA,NA,NA,NA,NA,NA,NA,NA,NA,"Overlap
<50nt",FALSE
0,65,0,0,FBgn0036398,upSET,12737,0,Down-regulated;NA;Peak-1,Down-regulated,NA,Peak-1,early,TRUE,TRUE,Both,Cluster III,"Higher Syp
binding",High_Syp,protein_coding,"Overlap
<50nt",TRUE
20,95,0.26666666666666666,3,FBgn0036467,CG12310,544,3.6764705882352944,NA,NA,NA,NA,NA,NA,NA,NA,NA,NA,NA,NA,"Overlap
<50nt",FALSE
0,425,0,0,FBgn0036534,DCP2,5971,0,NA,NA,NA,NA,NA,NA,NA,NA,NA,NA,NA,NA,"Overlap
<50nt",FALSE
14,245,0.06060606060606061,5,FBgn0036538,CG15715,969,1.4447884416924663,NA,NA,NA,NA,NA,NA,NA,NA,NA,NA,NA,NA,"Overlap
<50nt",FALSE
0,45,0,0,FBgn0036606,CG13060,539,0,NA,NA,NA,NA,NA,NA,NA,NA,NA,NA,NA,NA,"Overlap
<50nt",FALSE
0,245,0,0,FBgn0036621,roq,6179,0,NA,NA,NA,NA,NA,NA,NA,NA,NA,NA,NA,NA,"Overlap
<50nt",FALSE
4,235,0.01731601731601731,1,FBgn0036661,CG9705,1570,0.25477707006369427,NA,NA,NA,NA,NA,NA,NA,NA,NA,NA,NA,NA,"Overlap
<50nt",FALSE
0,10,0,0,FBgn0036663,CG9674,8414,0,NA;Down-regulated;Down-regulated,NA,Down-regulated,Down-regulated,early,TRUE,TRUE,Both,Cluster V,"Peak L2 Syp
binding",Peak_L2Syp,protein_coding,"Overlap
<50nt",TRUE
4,180,0.02272727272727272,2,FBgn0036735,Edc3,4062,0.09847365829640572,NA,NA,NA,NA,NA,NA,NA,NA,NA,NA,NA,NA,"Overlap
<50nt",FALSE
5,90,0.0588235294117647,1,FBgn0036816,Indy,3073,0.16270745200130166,NA;Peak-3;NA,NA,Peak-3,NA,late,TRUE,TRUE,Both,Cluster II,"Higher Imp
binding",High_Imp,protein_coding,"Overlap
<50nt",TRUE
0,400,0,0,FBgn0036985,zye,7031,0,NA,NA,NA,NA,NA,NA,NA,NA,NA,NA,NA,NA,"Overlap
<50nt",FALSE
5,240,0.02127659574468085,1,FBgn0037138,P5CDh1,3026,0.16523463317911435,NA;Down-regulated;NA,NA,Down-regulated,NA,early,TRUE,TRUE,Both,Cluster II,"Higher Imp
binding",High_Imp,protein_coding,"Overlap
<50nt",TRUE
23,80,0.40350877192982454,4,FBgn0037227,TwdlV,1067,2.1555763823805063,NA,NA,NA,NA,NA,NA,NA,NA,NA,NA,NA,NA,"Overlap
<50nt",FALSE
23,245,0.1036036036036036,4,FBgn0037374,jagn,1649,1.394784718010916,NA,NA,NA,NA,NA,NA,NA,NA,NA,NA,NA,NA,"Overlap
<50nt",FALSE
0,20,0,0,FBgn0037427,Osi17,4068,0,NA,NA,NA,NA,NA,NA,NA,NA,NA,NA,NA,NA,"Overlap
<50nt",FALSE
0,235,0,0,FBgn0037534,ELOVL,1974,0,NA,NA,NA,NA,NA,NA,NA,NA,NA,NA,NA,NA,"Overlap
<50nt",FALSE
16,65,0.32653061224489793,3,FBgn0037537,CG2767,1309,1.2223071046600458,NA,NA,NA,NA,NA,NA,NA,NA,NA,NA,NA,NA,"Overlap
<50nt",FALSE
0,140,0,0,FBgn0037607,CG8036,2748,0,NA;Down-regulated;NA,NA,Down-regulated,NA,early,TRUE,TRUE,Both,Cluster II,"Higher Imp
binding",High_Imp,protein_coding,"Overlap
<50nt",TRUE
0,135,0,0,FBgn0037643,ScsbetaA,2282,0,Peak-2;Down-regulated;Down-regulated,Peak-2,Down-regulated,Down-regulated,early,TRUE,TRUE,Both,Cluster II,"Higher Imp
binding",High_Imp,protein_coding,"Overlap
<50nt",TRUE
60,550,0.12244897959183672,14,FBgn0037697,GstZ2,2325,2.5806451612903225,NA;NA;Up-regulated,NA,NA,Up-regulated,late,TRUE,TRUE,Both,Cluster II,"Higher Imp
binding",High_Imp,protein_coding,"Overlap
>50nt",TRUE
0,305,0,0,FBgn0037705,mura,7274,0,NA;Down-regulated;NA,NA,Down-regulated,NA,early,TRUE,TRUE,Both,Cluster II,"Higher Imp
binding",High_Imp,protein_coding,"Overlap
<50nt",TRUE
15,165,0.1,3,FBgn0037728,p23,1120,1.3392857142857142,NA,NA,NA,NA,NA,NA,NA,NA,NA,NA,NA,NA,"Overlap
<50nt",FALSE
0,285,0,0,FBgn0037796,CG12814,2507,0,NA,NA,NA,NA,NA,NA,NA,NA,NA,NA,NA,NA,"Overlap
<50nt",FALSE
22,225,0.1083743842364532,4,FBgn0037874,Tctp,1652,1.331719128329298,NA;NA;Peak-1,NA,NA,Peak-1,early,TRUE,TRUE,Both,NA,N/A,NA,NA,"Overlap
<50nt",TRUE
0,85,0,0,FBgn0037912,sea,1949,0,NA,NA,NA,NA,NA,NA,NA,NA,NA,NA,NA,NA,"Overlap
<50nt",FALSE
0,25,0,0,FBgn0037913,fabp,2302,0,NA;NA;Down-regulated,NA,NA,Down-regulated,early,TRUE,TRUE,Both,Cluster V,"Peak L2 Syp
binding",Peak_L2Syp,protein_coding,"Overlap
<50nt",TRUE
0,30,0,0,FBgn0038126,CG8483,1869,0,NA,NA,NA,NA,NA,NA,NA,NA,NA,NA,NA,NA,"Overlap
<50nt",FALSE
25,280,0.09803921568627452,3,FBgn0038294,Mf,5296,0.47205438066465255,NA,NA,NA,NA,NA,NA,NA,NA,NA,NA,NA,NA,"Overlap
<50nt",FALSE
14,60,0.30434782608695654,3,FBgn0038421,CG17931,1515,0.924092409240924,NA;Down-regulated;NA,NA,Down-regulated,NA,early,TRUE,TRUE,Both,Cluster I,"Higher Imp
binding",High_Imp,protein_coding,"Overlap
<50nt",TRUE
9,285,0.03260869565217391,3,FBgn0038492,Mur89F,7334,0.12271611671666212,NA,NA,NA,NA,NA,NA,NA,NA,NA,NA,NA,NA,"Overlap
<50nt",FALSE
0,15,0,0,FBgn0038646,CG7715,823,0,NA,NA,NA,NA,NA,NA,NA,NA,NA,NA,NA,NA,"Overlap
<50nt",FALSE
2,25,0.08695652173913043,1,FBgn0038787,CG4360,3569,0.05603810591202018,NA,NA,NA,NA,NA,NA,NA,NA,NA,NA,NA,NA,"Overlap
<50nt",FALSE
1100,4365,0.33690658499234305,244,FBgn0038826,Syp,11225,9.79955456570156,Up-regulated;Up-regulated;Up-regulated,Up-regulated,Up-regulated,Up-regulated,late,TRUE,TRUE,Both,Cluster III,"Higher Syp
binding",High_Syp,protein_coding,"Overlap
>50nt",TRUE
0,90,0,0,FBgn0038922,Idh3b,2059,0,NA,NA,NA,NA,NA,NA,NA,NA,NA,NA,NA,NA,"Overlap
<50nt",FALSE
37,310,0.13553113553113552,12,FBgn0038947,Sar1,1815,2.0385674931129474,Up-regulated;NA;NA,Up-regulated,NA,NA,late,TRUE,TRUE,Both,Cluster I,"Higher Imp
binding",High_Imp,protein_coding,"Overlap
<50nt",TRUE
0,90,0,0,FBgn0038984,AdipoR,2899,0,Up-regulated;NA;NA,Up-regulated,NA,NA,late,TRUE,TRUE,Both,NA,N/A,NA,NA,"Overlap
<50nt",TRUE
0,25,0,0,FBgn0039113,udt,2262,0,NA,NA,NA,NA,NA,NA,NA,NA,NA,NA,NA,NA,"Overlap
<50nt",FALSE
83,475,0.21173469387755103,19,FBgn0039358,CG5028,2376,3.4932659932659935,NA;NA;Down-regulated,NA,NA,Down-regulated,early,TRUE,TRUE,Both,Cluster I,"Higher Imp
binding",High_Imp,protein_coding,"Overlap
>50nt",TRUE
4,95,0.04395604395604396,2,FBgn0039359,RpL27,987,0.4052684903748734,Peak-2;NA;Down-regulated,Peak-2,NA,Down-regulated,early,TRUE,TRUE,Both,NA,N/A,NA,NA,"Overlap
<50nt",TRUE
8,615,0.01317957166392092,2,FBgn0039431,plum,7490,0.1068090787716956,Mid-peaks;Down-regulated;Peak-2,Mid-peaks,Down-regulated,Peak-2,early,TRUE,TRUE,Both,Cluster II,"Higher Imp
binding",High_Imp,protein_coding,"Overlap
<50nt",TRUE
4,120,0.03448275862068965,2,FBgn0039532,Mtl,2427,0.16481252575195715,NA,NA,NA,NA,NA,NA,NA,NA,NA,NA,NA,NA,"Overlap
<50nt",FALSE
0,45,0,0,FBgn0039690,Gnpnat,1564,0,NA,NA,NA,NA,NA,NA,NA,NA,NA,NA,NA,NA,"Overlap
<50nt",FALSE
8,65,0.14035087719298245,4,FBgn0039737,CG7920,1910,0.418848167539267,NA,NA,NA,NA,NA,NA,NA,NA,NA,NA,NA,NA,"Overlap
<50nt",FALSE
21,65,0.4772727272727273,7,FBgn0039777,Jon99Fii,913,2.3001095290251916,NA,NA,NA,NA,NA,NA,NA,NA,NA,NA,NA,NA,"Overlap
<50nt",FALSE
0,25,0,0,FBgn0039800,Npc2g,659,0,NA,NA,NA,NA,NA,NA,NA,NA,NA,NA,NA,NA,"Overlap
<50nt",FALSE
0,95,0,0,FBgn0039844,CG1607,3183,0,Peak-2;Down-regulated;Peak-3,Peak-2,Down-regulated,Peak-3,early,TRUE,TRUE,Both,Cluster II,"Higher Imp
binding",High_Imp,protein_coding,"Overlap
<50nt",TRUE
63,520,0.13785557986870897,12,FBgn0039858,CycG,6143,1.025557545173368,NA;Peak-1;V3-regulated,NA,Peak-1,V3-regulated,early,TRUE,TRUE,Both,Cluster I,"Higher Imp
binding",High_Imp,protein_coding,"Overlap
>50nt",TRUE
0,45,0,0,FBgn0039890,ABCD,3336,0,NA;Down-regulated;NA,NA,Down-regulated,NA,early,TRUE,TRUE,Both,Cluster I,"Higher Imp
binding",High_Imp,protein_coding,"Overlap
<50nt",TRUE
5,50,0.1111111111111111,1,FBgn0039915,Gat,2895,0.17271157167530224,NA,NA,NA,NA,NA,NA,NA,NA,NA,NA,NA,NA,"Overlap
<50nt",FALSE
0,25,0,0,FBgn0039920,CG11360,7276,0,Peak-1;NA;V3-regulated,Peak-1,NA,V3-regulated,early,TRUE,TRUE,Both,Cluster III,"Higher Syp
binding",High_Syp,protein_coding,"Overlap
<50nt",TRUE
0,75,0,0,FBgn0039959,CG17514,8403,0,NA;Peak-1;NA,NA,Peak-1,NA,early,TRUE,TRUE,Both,Cluster III,"Higher Syp
binding",High_Syp,protein_coding,"Overlap
<50nt",TRUE
0,135,0,0,FBgn0040324,Ephrin,5312,0,NA,NA,NA,NA,NA,NA,NA,NA,NA,NA,NA,NA,"Overlap
<50nt",FALSE
7,20,0.5384615384615384,3,FBgn0040660,CG13551,637,1.098901098901099,NA,NA,NA,NA,NA,NA,NA,NA,NA,NA,NA,NA,"Overlap
<50nt",FALSE
10,45,0.2857142857142857,2,FBgn0040985,CG6115,743,1.3458950201884252,NA;Up-regulated;NA,NA,Up-regulated,NA,late,TRUE,TRUE,Both,Cluster V,"Peak L2 Syp
binding",Peak_L2Syp,protein_coding,"Overlap
<50nt",TRUE
25,690,0.03759398496240601,4,FBgn0041094,scyl,3124,0.8002560819462228,Peak-3;Down-regulated;Down-regulated,Peak-3,Down-regulated,Down-regulated,early,TRUE,TRUE,Both,Cluster II,"Higher Imp
binding",High_Imp,protein_coding,"Overlap
<50nt",TRUE
9,460,0.01995565410199556,4,FBgn0041188,Atx2,5915,0.1521555367709214,NA,NA,NA,NA,NA,NA,NA,NA,NA,NA,NA,NA,"Overlap
<50nt",FALSE
0,45,0,0,FBgn0041342,Pcyt1,3257,0,NA,NA,NA,NA,NA,NA,NA,NA,NA,NA,NA,NA,"Overlap
<50nt",FALSE
14,365,0.03988603988603988,4,FBgn0042134,Capr,4080,0.3431372549019608,NA,NA,NA,NA,NA,NA,NA,NA,NA,NA,NA,NA,"Overlap
<50nt",FALSE
8,40,0.25,2,FBgn0042138,CG18815,1801,0.4441976679622433,NA;Down-regulated;NA,NA,Down-regulated,NA,early,TRUE,TRUE,Both,NA,N/A,NA,NA,"Overlap
<50nt",TRUE
0,40,0,0,FBgn0043010,Fsn,1396,0,NA,NA,NA,NA,NA,NA,NA,NA,NA,NA,NA,NA,"Overlap
<50nt",FALSE
0,70,0,0,FBgn0043456,Ndf,3150,0,NA,NA,NA,NA,NA,NA,NA,NA,NA,NA,NA,NA,"Overlap
<50nt",FALSE
5,585,0.00862068965517241,1,FBgn0043884,mask,14639,0.03415533847940433,Down-regulated;NA;NA,Down-regulated,NA,NA,early,TRUE,TRUE,Both,Cluster II,"Higher Imp
binding",High_Imp,protein_coding,"Overlap
<50nt",TRUE
24,520,0.04838709677419355,5,FBgn0045823,vsg,2273,1.0558732952045755,Down-regulated;Down-regulated;Down-regulated,Down-regulated,Down-regulated,Down-regulated,early,TRUE,TRUE,Both,Cluster II,"Higher Imp
binding",High_Imp,protein_coding,"Overlap
<50nt",TRUE
5,65,0.08333333333333333,3,FBgn0046214,vig2,1773,0.2820078962210942,NA,NA,NA,NA,NA,NA,NA,NA,NA,NA,NA,NA,"Overlap
<50nt",FALSE
0,20,0,0,FBgn0046706,Haspin,1815,0,V2-regulated;NA;Peak-3,V2-regulated,NA,Peak-3,late,TRUE,TRUE,Both,Cluster III,"Higher Syp
binding",High_Syp,protein_coding,"Overlap
<50nt",TRUE
5,435,0.01162790697674418,4,FBgn0050011,gem,6251,0.07998720204767237,NA;Peak-1;NA,NA,Peak-1,NA,early,TRUE,TRUE,Both,Cluster I,"Higher Imp
binding",High_Imp,protein_coding,"Overlap
<50nt",TRUE
10,80,0.14285714285714285,3,FBgn0050122,CG30122,4623,0.2163097555699762,NA,NA,NA,NA,NA,NA,NA,NA,NA,NA,NA,NA,"Overlap
<50nt",FALSE
5,50,0.1111111111111111,1,FBgn0051092,LpR2,5510,0.09074410163339384,NA,NA,NA,NA,NA,NA,NA,NA,NA,NA,NA,NA,"Overlap
<50nt",FALSE
5,45,0.125,1,FBgn0051122,CG31122,3563,0.140331181588549,NA,NA,NA,NA,NA,NA,NA,NA,NA,NA,NA,NA,"Overlap
<50nt",FALSE
0,155,0,0,FBgn0051176,CG31176,2511,0,NA,NA,NA,NA,NA,NA,NA,NA,NA,NA,NA,NA,"Overlap
<50nt",FALSE
0,165,0,0,FBgn0051363,Jupiter,2522,0,V2-regulated;Down-regulated;NA,V2-regulated,Down-regulated,NA,early,TRUE,TRUE,Both,Cluster III,"Higher Syp
binding",High_Syp,protein_coding,"Overlap
<50nt",TRUE
0,290,0,0,FBgn0051451,lncRNA:CR31451,1563,0,NA,NA,NA,NA,NA,NA,NA,NA,NA,NA,NA,NA,"Overlap
<50nt",FALSE
23,470,0.05145413870246085,5,FBgn0051522,CG31522,3468,0.6632064590542099,NA,NA,NA,NA,NA,NA,NA,NA,NA,NA,NA,NA,"Overlap
<50nt",FALSE
0,350,0,0,FBgn0051660,smog,6121,0,Down-regulated;Peak-1;Down-regulated,Down-regulated,Peak-1,Down-regulated,early,TRUE,TRUE,Both,Cluster II,"Higher Imp
binding",High_Imp,protein_coding,"Overlap
<50nt",TRUE
0,20,0,0,FBgn0052000,anne,6511,0,NA;NA;Up-regulated,NA,NA,Up-regulated,late,TRUE,TRUE,Both,Cluster III,"Higher Syp
binding",High_Syp,protein_coding,"Overlap
<50nt",TRUE
0,90,0,0,FBgn0052016,4E-T,3691,0,NA,NA,NA,NA,NA,NA,NA,NA,NA,NA,NA,NA,"Overlap
<50nt",FALSE
3,420,0.00719424460431654,1,FBgn0052062,Rbfox1,8305,0.03612281757977122,NA,NA,NA,NA,NA,NA,NA,NA,NA,NA,NA,NA,"Overlap
<50nt",FALSE
8,20,0.6666666666666666,2,FBgn0052198,CG32198,470,1.702127659574468,NA,NA,NA,NA,NA,NA,NA,NA,NA,NA,NA,NA,"Overlap
<50nt",FALSE
0,50,0,0,FBgn0052214,CG32214,756,0,NA,NA,NA,NA,NA,NA,NA,NA,NA,NA,NA,NA,"Overlap
<50nt",FALSE
5,25,0.25,1,FBgn0052280,CG32280,1593,0.31387319522912743,NA;NA;Peak-3,NA,NA,Peak-3,late,TRUE,TRUE,Both,Cluster I,"Higher Imp
binding",High_Imp,protein_coding,"Overlap
<50nt",TRUE
7,60,0.1320754716981132,2,FBgn0052296,Mrtf,8562,0.0817565989254847,NA,NA,NA,NA,NA,NA,NA,NA,NA,NA,NA,NA,"Overlap
<50nt",FALSE
8,85,0.1038961038961039,3,FBgn0052302,CG32302,1079,0.7414272474513438,NA,NA,NA,NA,NA,NA,NA,NA,NA,NA,NA,NA,"Overlap
<50nt",FALSE
4,170,0.02409638554216867,2,FBgn0052369,CG32369,5696,0.0702247191011236,Down-regulated;NA;Peak-1,Down-regulated,NA,Peak-1,early,TRUE,TRUE,Both,Cluster I,"Higher Imp
binding",High_Imp,protein_coding,"Overlap
<50nt",TRUE
11,295,0.03873239436619718,3,FBgn0052521,CG32521,4555,0.2414928649835346,NA,NA,NA,NA,NA,NA,NA,NA,NA,NA,NA,NA,"Overlap
<50nt",FALSE
12,150,0.08695652173913043,2,FBgn0052672,Atg8a,1695,0.7079646017699115,NA;Peak-1;NA,NA,Peak-1,NA,early,TRUE,TRUE,Both,Cluster II,"Higher Imp
binding",High_Imp,protein_coding,"Overlap
<50nt",TRUE
54,260,0.2621359223300971,9,FBgn0052694,CG32694,5996,0.9006004002668445,NA,NA,NA,NA,NA,NA,NA,NA,NA,NA,NA,NA,"Overlap
>50nt",FALSE
0,95,0,0,FBgn0052767,CG32767,11634,0,NA,NA,NA,NA,NA,NA,NA,NA,NA,NA,NA,NA,"Overlap
<50nt",FALSE
62,225,0.3803680981595092,13,FBgn0052773,lncRNA:CR32773,1868,3.3190578158458246,NA,NA,NA,NA,NA,NA,NA,NA,NA,NA,NA,NA,"Overlap
>50nt",FALSE
16,405,0.04113110539845758,4,FBgn0053113,Rtnl1,4841,0.3305102251600909,NA,NA,NA,NA,NA,NA,NA,NA,NA,NA,NA,NA,"Overlap
<50nt",FALSE
20,330,0.06451612903225806,7,FBgn0053129,CG33129,3508,0.5701254275940707,NA,NA,NA,NA,NA,NA,NA,NA,NA,NA,NA,NA,"Overlap
<50nt",FALSE
10,880,0.01149425287356321,1,FBgn0053196,dpy,71820,0.01392369813422445,NA,NA,NA,NA,NA,NA,NA,NA,NA,NA,NA,NA,"Overlap
<50nt",FALSE
16,55,0.41025641025641024,5,FBgn0053267,CG33267,742,2.15633423180593,NA,NA,NA,NA,NA,NA,NA,NA,NA,NA,NA,NA,"Overlap
<50nt",FALSE
0,190,0,0,FBgn0053978,CG33978,14137,0,NA,NA,NA,NA,NA,NA,NA,NA,NA,NA,NA,NA,"Overlap
<50nt",FALSE
21,145,0.1693548387096774,4,FBgn0053995,CG33995,2691,0.7803790412486065,NA,NA,NA,NA,NA,NA,NA,NA,NA,NA,NA,NA,"Overlap
<50nt",FALSE
37,95,0.6379310344827587,7,FBgn0058469,lncRNA:CR40469,214,17.289719626168225,Peak-2;Up-regulated;NA,Peak-2,Up-regulated,NA,late,TRUE,TRUE,Both,Cluster V,"Peak L2 Syp
binding",Peak_L2Syp,ncRNA,"Overlap
<50nt",TRUE
14,55,0.34146341463414637,3,FBgn0061492,loj,1179,1.1874469889737065,Up-regulated;Up-regulated;NA,Up-regulated,Up-regulated,NA,late,TRUE,TRUE,Both,Cluster II,"Higher Imp
binding",High_Imp,protein_coding,"Overlap
<50nt",TRUE
0,110,0,0,FBgn0061515,endos,1665,0,NA;Down-regulated;NA,NA,Down-regulated,NA,early,TRUE,TRUE,Both,NA,N/A,NA,NA,"Overlap
<50nt",TRUE
5,660,0.00763358778625954,1,FBgn0062978,CG31808,1929,0.2592016588906169,NA,NA,NA,NA,NA,NA,NA,NA,NA,NA,NA,NA,"Overlap
<50nt",FALSE
0,70,0,0,FBgn0063127,lncRNA:CR33938,505,0,Up-regulated;Up-regulated;Up-regulated,Up-regulated,Up-regulated,Up-regulated,late,TRUE,TRUE,Both,Cluster III,"Higher Syp
binding",High_Syp,ncRNA,"Overlap
<50nt",TRUE
0,100,0,0,FBgn0063485,Lasp,4413,0,NA,NA,NA,NA,NA,NA,NA,NA,NA,NA,NA,NA,"Overlap
<50nt",FALSE
5,35,0.16666666666666666,1,FBgn0065104,snmRNA:158,157,3.1847133757961785,NA,NA,NA,NA,NA,NA,NA,NA,NA,NA,NA,NA,"Overlap
<50nt",FALSE
52,130,0.6666666666666666,9,FBgn0066084,RpL41,320,16.25,Peak-2;NA;Down-regulated,Peak-2,NA,Down-regulated,early,TRUE,TRUE,Both,NA,N/A,NA,NA,"Overlap
>50nt",TRUE
8,290,0.02836879432624113,2,FBgn0082598,akirin,2633,0.3038359285985568,NA;NA;Up-regulated,NA,NA,Up-regulated,late,TRUE,TRUE,Both,Cluster VI,Other,Other,protein_coding,"Overlap
<50nt",TRUE
0,55,0,0,FBgn0083962,CG34126,6094,0,NA,NA,NA,NA,NA,NA,NA,NA,NA,NA,NA,NA,"Overlap
<50nt",FALSE
13,125,0.11607142857142858,2,FBgn0085195,CG34166,613,2.1207177814029365,NA,NA,NA,NA,NA,NA,NA,NA,NA,NA,NA,NA,"Overlap
<50nt",FALSE
10,70,0.16666666666666666,2,FBgn0085384,CG34355,5589,0.1789228842368939,NA,NA,NA,NA,NA,NA,NA,NA,NA,NA,NA,NA,"Overlap
<50nt",FALSE
0,70,0,0,FBgn0085432,pan,14425,0,NA;NA;Peak-1,NA,NA,Peak-1,early,TRUE,TRUE,Both,Cluster III,"Higher Syp
binding",High_Syp,protein_coding,"Overlap
<50nt",TRUE
0,115,0,0,FBgn0085436,Not1,10916,0,NA,NA,NA,NA,NA,NA,NA,NA,NA,NA,NA,NA,"Overlap
<50nt",FALSE
23,655,0.03639240506329114,4,FBgn0085446,CG34417,20162,0.11407598452534472,NA,NA,NA,NA,NA,NA,NA,NA,NA,NA,NA,NA,"Overlap
<50nt",FALSE
5,65,0.08333333333333333,1,FBgn0085450,Snoo,8413,0.05943183168905265,Down-regulated;Peak-1;Peak-1,Down-regulated,Peak-1,Peak-1,early,TRUE,TRUE,Both,NA,N/A,NA,NA,"Overlap
<50nt",TRUE
0,55,0,0,FBgn0085470,lmgB,3620,0,NA,NA,NA,NA,NA,NA,NA,NA,NA,NA,NA,NA,"Overlap
<50nt",FALSE
17,50,0.5151515151515151,4,FBgn0086355,Tpi,1558,1.0911424903722722,Up-regulated;Up-regulated;Mid-peaks,Up-regulated,Up-regulated,Mid-peaks,late,TRUE,TRUE,Both,Cluster V,"Peak L2 Syp
binding",Peak_L2Syp,protein_coding,"Overlap
<50nt",TRUE
0,280,0,0,FBgn0086372,lap,6158,0,NA,NA,NA,NA,NA,NA,NA,NA,NA,NA,NA,NA,"Overlap
<50nt",FALSE
10,110,0.1,2,FBgn0086558,Ubi-p5E,2390,0.41841004184100417,NA,NA,NA,NA,NA,NA,NA,NA,NA,NA,NA,NA,"Overlap
<50nt",FALSE
0,15,0,0,FBgn0086656,shrb,1267,0,Peak-2;NA;NA,Peak-2,NA,NA,early,TRUE,TRUE,Both,NA,N/A,NA,NA,"Overlap
<50nt",TRUE
0,120,0,0,FBgn0086680,vvl,4784,0,Up-regulated;NA;NA,Up-regulated,NA,NA,late,TRUE,TRUE,Both,NA,N/A,NA,NA,"Overlap
<50nt",TRUE
10,275,0.03773584905660377,2,FBgn0086686,l(3)L1231,6264,0.15964240102171137,NA;Peak-1;NA,NA,Peak-1,NA,early,TRUE,TRUE,Both,Cluster II,"Higher Imp
binding",High_Imp,protein_coding,"Overlap
<50nt",TRUE
5,230,0.02222222222222222,1,FBgn0086687,Desat1,2488,0.2009646302250804,NA,NA,NA,NA,NA,NA,NA,NA,NA,NA,NA,NA,"Overlap
<50nt",FALSE
0,70,0,0,FBgn0086706,pix,2293,0,Peak-2;NA;Down-regulated,Peak-2,NA,Down-regulated,early,TRUE,TRUE,Both,Cluster V,"Peak L2 Syp
binding",Peak_L2Syp,protein_coding,"Overlap
<50nt",TRUE
290,2160,0.15508021390374332,67,FBgn0086758,chinmo,12618,2.2983040101442387,Down-regulated;Down-regulated;Down-regulated,Down-regulated,Down-regulated,Down-regulated,early,TRUE,TRUE,Both,Cluster II,"Higher Imp
binding",High_Imp,protein_coding,"Overlap
>50nt",TRUE
0,125,0,0,FBgn0250753,kra,2866,0,NA,NA,NA,NA,NA,NA,NA,NA,NA,NA,NA,NA,"Overlap
<50nt",FALSE
5,140,0.03703703703703703,1,FBgn0250788,beta-Spec,7896,0.06332320162107397,NA,NA,NA,NA,NA,NA,NA,NA,NA,NA,NA,NA,"Overlap
<50nt",FALSE
0,335,0,0,FBgn0250789,alpha-Spec,8347,0,NA;Peak-1;NA,NA,Peak-1,NA,early,TRUE,TRUE,Both,Cluster I,"Higher Imp
binding",High_Imp,protein_coding,"Overlap
<50nt",TRUE
0,55,0,0,FBgn0250903,lmgA,3620,0,NA,NA,NA,NA,NA,NA,NA,NA,NA,NA,NA,NA,"Overlap
<50nt",FALSE
0,55,0,0,FBgn0250907,Cht10,7373,0,NA,NA,NA,NA,NA,NA,NA,NA,NA,NA,NA,NA,"Overlap
<50nt",FALSE
0,120,0,0,FBgn0259168,mnb,6945,0,NA,NA,NA,NA,NA,NA,NA,NA,NA,NA,NA,NA,"Overlap
<50nt",FALSE
12,410,0.03015075376884422,3,FBgn0259176,bun,12590,0.09531374106433678,Down-regulated;NA;Peak-1,Down-regulated,NA,Peak-1,early,TRUE,TRUE,Both,Cluster II,"Higher Imp
binding",High_Imp,protein_coding,"Overlap
<50nt",TRUE
0,25,0,0,FBgn0259212,cno,13220,0,NA,NA,NA,NA,NA,NA,NA,NA,NA,NA,NA,NA,"Overlap
<50nt",FALSE
0,100,0,0,FBgn0259214,PMCA,7665,0,Down-regulated;Down-regulated;Peak-1,Down-regulated,Down-regulated,Peak-1,early,TRUE,TRUE,Both,Cluster IV,"Higher Syp
binding",High_Syp,protein_coding,"Overlap
<50nt",TRUE
0,35,0,0,FBgn0259216,RhoGAP102A,5512,0,NA,NA,NA,NA,NA,NA,NA,NA,NA,NA,NA,NA,"Overlap
<50nt",FALSE
0,15,0,0,FBgn0259238,CG42336,1514,0,NA;NA;Peak-3,NA,NA,Peak-3,late,TRUE,TRUE,Both,Cluster V,"Peak L2 Syp
binding",Peak_L2Syp,protein_coding,"Overlap
<50nt",TRUE
0,35,0,0,FBgn0259734,Nost,6329,0,NA;NA;Down-regulated,NA,NA,Down-regulated,early,TRUE,TRUE,Both,Cluster V,"Peak L2 Syp
binding",Peak_L2Syp,protein_coding,"Overlap
<50nt",TRUE
9,210,0.04477611940298507,1,FBgn0259740,CG42394,634,1.4195583596214512,NA,NA,NA,NA,NA,NA,NA,NA,NA,NA,NA,NA,"Overlap
<50nt",FALSE
0,290,0,0,FBgn0259789,zld,10605,0,NA;NA;Peak-1,NA,NA,Peak-1,early,TRUE,TRUE,Both,Cluster IV,"Higher Syp
binding",High_Syp,protein_coding,"Overlap
<50nt",TRUE
14,60,0.30434782608695654,3,FBgn0259917,CG42446,1076,1.3011152416356877,NA,NA,NA,NA,NA,NA,NA,NA,NA,NA,NA,NA,"Overlap
<50nt",FALSE
5,490,0.01030927835051546,1,FBgn0260400,elav,10715,0.04666355576294914,NA,NA,NA,NA,NA,NA,NA,NA,NA,NA,NA,NA,"Overlap
<50nt",FALSE
0,35,0,0,FBgn0260439,Pp2A-29B,2757,0,NA;NA;Peak-3,NA,NA,Peak-3,late,TRUE,TRUE,Both,NA,N/A,NA,NA,"Overlap
<50nt",TRUE
5,130,0.04,1,FBgn0260442,rhea,11083,0.04511413877109085,NA,NA,NA,NA,NA,NA,NA,NA,NA,NA,NA,NA,"Overlap
<50nt",FALSE
0,135,0,0,FBgn0260722,lncRNA:CR42549,1968,0,Down-regulated;Peak-1;NA,Down-regulated,Peak-1,NA,early,TRUE,TRUE,Both,Cluster I,"Higher Imp
binding",High_Imp,ncRNA,"Overlap
<50nt",TRUE
0,30,0,1,FBgn0260768,CG42566,873,0,NA;Peak-1;NA,NA,Peak-1,NA,early,TRUE,TRUE,Both,Cluster V,"Peak L2 Syp
binding",Peak_L2Syp,protein_coding,"Overlap
<50nt",TRUE
0,65,0,0,FBgn0260794,ctrip,11869,0,NA;Peak-1;V3-regulated,NA,Peak-1,V3-regulated,early,TRUE,TRUE,Both,Cluster IV,"Higher Syp
binding",High_Syp,protein_coding,"Overlap
<50nt",TRUE
0,205,0,0,FBgn0260795,NaPi-III,3715,0,NA;NA;Peak-1,NA,NA,Peak-1,early,TRUE,TRUE,Both,Cluster II,"Higher Imp
binding",High_Imp,protein_coding,"Overlap
<50nt",TRUE
4,90,0.04651162790697674,1,FBgn0260799,p120ctn,2685,0.14897579143389195,NA,NA,NA,NA,NA,NA,NA,NA,NA,NA,NA,NA,"Overlap
<50nt",FALSE
0,385,0,0,FBgn0260934,par-1,12693,0,NA,NA,NA,NA,NA,NA,NA,NA,NA,NA,NA,NA,"Overlap
<50nt",FALSE
8,40,0.25,2,FBgn0260945,Atg1,4148,0.19286403085824497,NA,NA,NA,NA,NA,NA,NA,NA,NA,NA,NA,NA,"Overlap
<50nt",FALSE
0,60,0,0,FBgn0260960,Baldspot,2844,0,NA,NA,NA,NA,NA,NA,NA,NA,NA,NA,NA,NA,"Overlap
<50nt",FALSE
0,155,0,0,FBgn0261258,rgn,4346,0,NA,NA,NA,NA,NA,NA,NA,NA,NA,NA,NA,NA,"Overlap
<50nt",FALSE
4,270,0.0150375939849624,3,FBgn0261260,mgl,17674,0.02263211497114405,NA;NA;Peak-1,NA,NA,Peak-1,early,TRUE,TRUE,Both,Cluster I,"Higher Imp
binding",High_Imp,protein_coding,"Overlap
<50nt",TRUE
0,70,0,0,FBgn0261268,Cul3,5403,0,NA,NA,NA,NA,NA,NA,NA,NA,NA,NA,NA,NA,"Overlap
<50nt",FALSE
0,20,0,0,FBgn0261279,lqfR,5967,0,NA,NA,NA,NA,NA,NA,NA,NA,NA,NA,NA,NA,"Overlap
<50nt",FALSE
3,105,0.02941176470588235,1,FBgn0261285,Ppcs,4134,0.07256894049346879,NA,NA,NA,NA,NA,NA,NA,NA,NA,NA,NA,NA,"Overlap
<50nt",FALSE
102,2210,0.04838709677419355,29,FBgn0261552,ps,13660,0.746705710102489,Down-regulated;Peak-1;Peak-1,Down-regulated,Peak-1,Peak-1,early,TRUE,TRUE,Both,Cluster I,"Higher Imp
binding",High_Imp,protein_coding,"Overlap
>50nt",TRUE
0,145,0,0,FBgn0261617,nej,15932,0,NA,NA,NA,NA,NA,NA,NA,NA,NA,NA,NA,NA,"Overlap
<50nt",FALSE
19,700,0.02790014684287812,4,FBgn0261618,larp,9126,0.20819636204251588,NA;Peak-1;Peak-1,NA,Peak-1,Peak-1,early,TRUE,TRUE,Both,Cluster I,"Higher Imp
binding",High_Imp,protein_coding,"Overlap
<50nt",TRUE
0,265,0,0,FBgn0261722,fwe,3020,0,NA,NA,NA,NA,NA,NA,NA,NA,NA,NA,NA,NA,"Overlap
<50nt",FALSE
5,65,0.08333333333333333,1,FBgn0261793,Trf2,10332,0.04839334107626791,NA;NA;Peak-1,NA,NA,Peak-1,early,TRUE,TRUE,Both,Cluster III,"Higher Syp
binding",High_Syp,protein_coding,"Overlap
<50nt",TRUE
10,55,0.2222222222222222,2,FBgn0261797,Dhc64C,14597,0.06850722751250257,NA,NA,NA,NA,NA,NA,NA,NA,NA,NA,NA,NA,"Overlap
<50nt",FALSE
0,145,0,0,FBgn0261811,pico,8245,0,NA,NA,NA,NA,NA,NA,NA,NA,NA,NA,NA,NA,"Overlap
<50nt",FALSE
0,1125,0,0,FBgn0261822,Bsg,11657,0,NA,NA,NA,NA,NA,NA,NA,NA,NA,NA,NA,NA,"Overlap
<50nt",FALSE
106,945,0.1263408820023838,25,FBgn0261836,Msp300,69810,0.1518407104999284,NA;Peak-1;NA,NA,Peak-1,NA,early,TRUE,TRUE,Both,Cluster II,"Higher Imp
binding",High_Imp,protein_coding,"Overlap
>50nt",TRUE
0,485,0,0,FBgn0262511,Vha44,4023,0,NA,NA,NA,NA,NA,NA,NA,NA,NA,NA,NA,NA,"Overlap
<50nt",FALSE
18,385,0.04904632152588556,6,FBgn0262656,Myc,9170,0.19629225736095968,NA;NA;Down-regulated,NA,NA,Down-regulated,early,TRUE,TRUE,Both,Cluster I,"Higher Imp
binding",High_Imp,protein_coding,"Overlap
<50nt",TRUE
14,125,0.12612612612612611,2,FBgn0262716,Arp3,1983,0.7060010085728694,NA,NA,NA,NA,NA,NA,NA,NA,NA,NA,NA,NA,"Overlap
<50nt",FALSE
0,70,0,0,FBgn0262732,mbf1,1788,0,NA,NA,NA,NA,NA,NA,NA,NA,NA,NA,NA,NA,"Overlap
<50nt",FALSE
80,1000,0.08695652173913043,20,FBgn0262734,eIF4H1,4430,1.805869074492099,NA,NA,NA,NA,NA,NA,NA,NA,NA,NA,NA,NA,"Overlap
>50nt",FALSE
21,380,0.0584958217270195,5,FBgn0262736,Vha16-1,3077,0.6824829379265518,NA,NA,NA,NA,NA,NA,NA,NA,NA,NA,NA,NA,"Overlap
<50nt",FALSE
0,150,0,0,FBgn0262737,mub,12718,0,Up-regulated;NA;NA,Up-regulated,NA,NA,late,TRUE,TRUE,Both,Cluster III,"Higher Syp
binding",High_Syp,protein_coding,"Overlap
<50nt",TRUE
1,715,0.00140056022408963,2,FBgn0262739,AGO1,8278,0.01208021261174196,NA,NA,NA,NA,NA,NA,NA,NA,NA,NA,NA,NA,"Overlap
<50nt",FALSE
0,65,0,0,FBgn0262740,Evi5,6299,0,NA,NA,NA,NA,NA,NA,NA,NA,NA,NA,NA,NA,"Overlap
<50nt",FALSE
0,290,0,0,FBgn0262743,Fs(2)Ket,7157,0,NA;NA;Up-regulated,NA,NA,Up-regulated,late,TRUE,TRUE,Both,Cluster III,"Higher Syp
binding",High_Syp,protein_coding,"Overlap
<50nt",TRUE
948,4300,0.2828162291169451,216,FBgn0262972,lncRNA:cherub,8398,11.288402000476305,Mid-peaks;NA;Down-regulated,Mid-peaks,NA,Down-regulated,early,TRUE,TRUE,Both,Cluster III,"Higher Syp
binding",High_Syp,ncRNA,"Overlap
>50nt",TRUE
35,410,0.09333333333333334,5,FBgn0263006,SERCA,8264,0.42352371732817035,Peak-1;NA;NA,Peak-1,NA,NA,early,TRUE,TRUE,Both,Cluster II,"Higher Imp
binding",High_Imp,protein_coding,"Overlap
<50nt",TRUE
1,60,0.01694915254237288,1,FBgn0263020,CG43315,591,0.1692047377326565,NA,NA,NA,NA,NA,NA,NA,NA,NA,NA,NA,NA,"Overlap
<50nt",FALSE
5,695,0.0072463768115942,1,FBgn0263132,Cht6,16205,0.0308546744831842,NA,NA,NA,NA,NA,NA,NA,NA,NA,NA,NA,NA,"Overlap
<50nt",FALSE
5,25,0.25,2,FBgn0263144,bin3,5942,0.0841467519353753,NA;NA;Peak-1,NA,NA,Peak-1,early,TRUE,TRUE,Both,NA,N/A,NA,NA,"Overlap
<50nt",TRUE
47,430,0.1227154046997389,8,FBgn0263231,bel,3970,1.1838790931989924,Down-regulated;Down-regulated;Peak-1,Down-regulated,Down-regulated,Peak-1,early,TRUE,TRUE,Both,Cluster I,"Higher Imp
binding",High_Imp,protein_coding,"Overlap
<50nt",TRUE
10,1400,0.00719424460431654,2,FBgn0263352,Unr,8968,0.11150758251561106,NA;Peak-1;NA,NA,Peak-1,NA,early,TRUE,TRUE,Both,Cluster II,"Higher Imp
binding",High_Imp,protein_coding,"Overlap
<50nt",TRUE
0,520,0,0,FBgn0263391,hts,11366,0,NA,NA,NA,NA,NA,NA,NA,NA,NA,NA,NA,NA,"Overlap
<50nt",FALSE
41,970,0.04413347685683531,9,FBgn0263392,Tet,13823,0.29660710410185925,Mid-peaks;Peak-1;NA,Mid-peaks,Peak-1,NA,early,TRUE,TRUE,Both,Cluster VI,Other,Other,protein_coding,"Overlap
<50nt",TRUE
254,2035,0.14261650758001124,60,FBgn0263396,sqd,7745,3.2795351839896707,NA;Peak-1;NA,NA,Peak-1,NA,early,TRUE,TRUE,Both,Cluster I,"Higher Imp
binding",High_Imp,protein_coding,"Overlap
>50nt",TRUE
146,575,0.34032634032634035,30,FBgn0263594,lost,2691,5.425492382014121,Down-regulated;NA;NA,Down-regulated,NA,NA,early,TRUE,TRUE,Both,Cluster II,"Higher Imp
binding",High_Imp,protein_coding,"Overlap
>50nt",TRUE
0,160,0,0,FBgn0263598,Vha68-2,2759,0,NA;Up-regulated;NA,NA,Up-regulated,NA,late,TRUE,TRUE,Both,Cluster I,"Higher Imp
binding",High_Imp,protein_coding,"Overlap
<50nt",TRUE
11,310,0.03678929765886288,2,FBgn0263750,CG43675,2964,0.3711201079622132,NA,NA,NA,NA,NA,NA,NA,NA,NA,NA,NA,NA,"Overlap
<50nt",FALSE
0,25,0,0,FBgn0263929,jvl,9425,0,Peak-1;NA;NA,Peak-1,NA,NA,early,TRUE,TRUE,Both,Cluster II,"Higher Imp
binding",High_Imp,protein_coding,"Overlap
<50nt",TRUE
0,25,0,0,FBgn0263930,dally,4483,0,NA;NA;Down-regulated,NA,NA,Down-regulated,early,TRUE,TRUE,Both,NA,N/A,NA,NA,"Overlap
<50nt",TRUE
0,35,0,0,FBgn0263977,Tim17b,961,0,NA,NA,NA,NA,NA,NA,NA,NA,NA,NA,NA,NA,"Overlap
<50nt",FALSE
40,510,0.0851063829787234,9,FBgn0263987,spoon,5705,0.7011393514461,NA;NA;Down-regulated,NA,NA,Down-regulated,early,TRUE,TRUE,Both,Cluster I,"Higher Imp
binding",High_Imp,protein_coding,"Overlap
<50nt",TRUE
8,245,0.03375527426160337,2,FBgn0263993,CG43736,9085,0.08805723720418272,NA,NA,NA,NA,NA,NA,NA,NA,NA,NA,NA,NA,"Overlap
<50nt",FALSE
5,245,0.02083333333333333,1,FBgn0263995,cpo,11566,0.04323015735777278,NA,NA,NA,NA,NA,NA,NA,NA,NA,NA,NA,NA,"Overlap
<50nt",FALSE
10,165,0.06451612903225806,1,FBgn0263996,CG43739,4863,0.20563438206868187,NA,NA,NA,NA,NA,NA,NA,NA,NA,NA,NA,NA,"Overlap
<50nt",FALSE
0,280,0,0,FBgn0264006,dysc,10288,0,Peak-1;NA;NA,Peak-1,NA,NA,early,TRUE,TRUE,Both,Cluster I,"Higher Imp
binding",High_Imp,protein_coding,"Overlap
<50nt",TRUE
5,175,0.02941176470588235,2,FBgn0264078,Flo2,5053,0.09895111814763506,NA,NA,NA,NA,NA,NA,NA,NA,NA,NA,NA,NA,"Overlap
<50nt",FALSE
7,670,0.01055806938159879,2,FBgn0264270,Sxl,9192,0.07615317667536989,NA,NA,NA,NA,NA,NA,NA,NA,NA,NA,NA,NA,"Overlap
<50nt",FALSE
0,240,0,0,FBgn0264308,CG43778,6554,0,NA,NA,NA,NA,NA,NA,NA,NA,NA,NA,NA,NA,"Overlap
<50nt",FALSE
0,25,0,0,FBgn0264437,lncRNA:CR43855,747,0,NA,NA,NA,NA,NA,NA,NA,NA,NA,NA,NA,NA,"Overlap
<50nt",FALSE
4,460,0.0087719298245614,1,FBgn0264491,how,5086,0.07864726700747149,NA,NA,NA,NA,NA,NA,NA,NA,NA,NA,NA,NA,"Overlap
<50nt",FALSE
8,100,0.08695652173913043,2,FBgn0264501,lncRNA:CR43900,737,1.0854816824966078,NA,NA,NA,NA,NA,NA,NA,NA,NA,NA,NA,NA,"Overlap
<50nt",FALSE
0,100,0,0,FBgn0264605,CG43954,4413,0,NA,NA,NA,NA,NA,NA,NA,NA,NA,NA,NA,NA,"Overlap
<50nt",FALSE
0,160,0,0,FBgn0264693,ens,5703,0,NA;Peak-1;Peak-1,NA,Peak-1,Peak-1,early,TRUE,TRUE,Both,Cluster I,"Higher Imp
binding",High_Imp,protein_coding,"Overlap
<50nt",TRUE
21,145,0.1693548387096774,4,FBgn0264742,CG44000,2778,0.755939524838013,NA,NA,NA,NA,NA,NA,NA,NA,NA,NA,NA,NA,"Overlap
<50nt",FALSE
21,145,0.1693548387096774,4,FBgn0264743,CG44001,2778,0.755939524838013,NA,NA,NA,NA,NA,NA,NA,NA,NA,NA,NA,NA,"Overlap
<50nt",FALSE
0,15,0,0,FBgn0264832,CG44040,314,0,NA,NA,NA,NA,NA,NA,NA,NA,NA,NA,NA,NA,"Overlap
<50nt",FALSE
18,355,0.05341246290801187,6,FBgn0264855,AP-2alpha,4872,0.3694581280788177,NA;Down-regulated;NA,NA,Down-regulated,NA,early,TRUE,TRUE,Both,Cluster II,"Higher Imp
binding",High_Imp,protein_coding,"Overlap
<50nt",TRUE
0,120,0,0,FBgn0264895,RapGAP1,7387,0,Peak-3;Peak-3;V3-regulated,Peak-3,Peak-3,V3-regulated,late,TRUE,TRUE,Both,Cluster II,"Higher Imp
binding",High_Imp,protein_coding,"Overlap
<50nt",TRUE
14,230,0.06481481481481481,3,FBgn0264922,smt3,743,1.8842530282637957,Up-regulated;NA;NA,Up-regulated,NA,NA,late,TRUE,TRUE,Both,Cluster III,"Higher Syp
binding",High_Syp,protein_coding,"Overlap
<50nt",TRUE
5,590,0.00854700854700854,1,FBgn0264975,Nrg,9991,0.05004504053648283,NA,NA,NA,NA,NA,NA,NA,NA,NA,NA,NA,NA,"Overlap
<50nt",FALSE
24,940,0.02620087336244541,6,FBgn0265276,l(3)neo38,6563,0.365686423891513,Up-regulated;NA;V3-regulated,Up-regulated,NA,V3-regulated,late,TRUE,TRUE,Both,Cluster VI,Other,Other,protein_coding,"Overlap
<50nt",TRUE
537,1790,0.42857142857142855,113,FBgn0265297,pAbp,4303,12.479665349755985,NA,NA,NA,NA,NA,NA,NA,NA,NA,NA,NA,NA,"Overlap
>50nt",FALSE
25,190,0.15151515151515152,4,FBgn0265434,zip,7242,0.3452085059375863,NA,NA,NA,NA,NA,NA,NA,NA,NA,NA,NA,NA,"Overlap
<50nt",FALSE
71,885,0.08722358722358722,18,FBgn0265487,mbl,15094,0.4703855836756327,Peak-3;Down-regulated;Down-regulated,Peak-3,Down-regulated,Down-regulated,early,TRUE,TRUE,Both,Cluster II,"Higher Imp
binding",High_Imp,protein_coding,"Overlap
>50nt",TRUE
14,45,0.4516129032258064,4,FBgn0265574,Cdc5,3346,0.41841004184100417,NA,NA,NA,NA,NA,NA,NA,NA,NA,NA,NA,NA,"Overlap
<50nt",FALSE
11,220,0.05263157894736842,3,FBgn0265935,coro,3345,0.32884902840059793,NA,NA,NA,NA,NA,NA,NA,NA,NA,NA,NA,NA,"Overlap
<50nt",FALSE
26,575,0.04735883424408015,7,FBgn0266350,lncRNA:CR44999,2025,1.2839506172839503,NA;NA;Peak-1,NA,NA,Peak-1,early,TRUE,TRUE,Both,Cluster I,"Higher Imp
binding",High_Imp,ncRNA,"Overlap
<50nt",TRUE
27,1195,0.02311643835616438,7,FBgn0266410,CG45050,8254,0.3271141264841289,NA;Peak-1;Peak-1,NA,Peak-1,Peak-1,early,TRUE,TRUE,Both,Cluster II,"Higher Imp
binding",High_Imp,protein_coding,"Overlap
<50nt",TRUE
0,45,0,0,FBgn0266411,sima,7194,0,NA;NA;Down-regulated,NA,NA,Down-regulated,early,TRUE,TRUE,Both,Cluster I,"Higher Imp
binding",High_Imp,protein_coding,"Overlap
<50nt",TRUE
41,200,0.2578616352201258,8,FBgn0266446,CG45076,3347,1.2249775918733194,NA,NA,NA,NA,NA,NA,NA,NA,NA,NA,NA,NA,"Overlap
<50nt",FALSE
41,455,0.09903381642512075,8,FBgn0266448,CG45078,1925,2.12987012987013,NA,NA,NA,NA,NA,NA,NA,NA,NA,NA,NA,NA,"Overlap
<50nt",FALSE
41,315,0.14963503649635038,8,FBgn0266451,fau,1020,4.019607843137255,NA,NA,NA,NA,NA,NA,NA,NA,NA,NA,NA,NA,"Overlap
<50nt",FALSE
10,50,0.25,2,FBgn0266572,ebo,4181,0.2391772303276728,NA,NA,NA,NA,NA,NA,NA,NA,NA,NA,NA,NA,"Overlap
<50nt",FALSE
0,145,0,0,FBgn0266599,Hsc70-4,2716,0,NA;NA;Down-regulated,NA,NA,Down-regulated,early,TRUE,TRUE,Both,Cluster II,"Higher Imp
binding",High_Imp,protein_coding,"Overlap
<50nt",TRUE
120,705,0.20512820512820512,25,FBgn0266731,lncRNA:CR45204,1955,6.138107416879795,NA,NA,NA,NA,NA,NA,NA,NA,NA,NA,NA,NA,"Overlap
>50nt",FALSE
5,50,0.1111111111111111,1,FBgn0266936,lncRNA:CR45387,306,1.6339869281045754,NA,NA,NA,NA,NA,NA,NA,NA,NA,NA,NA,NA,"Overlap
<50nt",FALSE
177,1345,0.15154109589041095,42,FBgn0266937,lncRNA:CR45388,4902,3.610771113831089,Peak-3;Peak-3;NA,Peak-3,Peak-3,NA,late,TRUE,TRUE,Both,Cluster III,"Higher Syp
binding",High_Syp,ncRNA,"Overlap
>50nt",TRUE
3,865,0.00348027842227378,1,FBgn0267033,mamo,29476,0.01017777174650563,NA;Peak-3;NA,NA,Peak-3,NA,late,TRUE,TRUE,Both,Cluster V,"Peak L2 Syp
binding",Peak_L2Syp,protein_coding,"Overlap
<50nt",TRUE
0,190,0,0,FBgn0267378,sau,2585,0,NA,NA,NA,NA,NA,NA,NA,NA,NA,NA,NA,NA,"Overlap
<50nt",FALSE
9,120,0.08108108108108109,3,FBgn0267385,PyK,2242,0.40142729705619984,Peak-3;NA;Peak-3,Peak-3,NA,Peak-3,late,TRUE,TRUE,Both,Cluster II,"Higher Imp
binding",High_Imp,protein_coding,"Overlap
<50nt",TRUE
0,20,0,0,FBgn0267487,Ptp61F,6069,0,NA,NA,NA,NA,NA,NA,NA,NA,NA,NA,NA,NA,"Overlap
<50nt",FALSE
5,90,0.0588235294117647,1,FBgn0267516,pre-rRNA:CR45856,5725,0.08733624454148471,NA,NA,NA,NA,NA,NA,NA,NA,NA,NA,NA,NA,"Overlap
<50nt",FALSE
5,50,0.1111111111111111,1,FBgn0267522,28SrRNA-Psi:CR45862,2004,0.249500998003992,NA,NA,NA,NA,NA,NA,NA,NA,NA,NA,NA,NA,"Overlap
<50nt",FALSE
0,145,0,0,FBgn0267698,Pak,5973,0,NA,NA,NA,NA,NA,NA,NA,NA,NA,NA,NA,NA,"Overlap
<50nt",FALSE
5,85,0.0625,1,FBgn0267727,Pen,2577,0.19402405898331393,Up-regulated;NA;Up-regulated,Up-regulated,NA,Up-regulated,late,TRUE,TRUE,Both,Cluster III,"Higher Syp
binding",High_Syp,protein_coding,"Overlap
<50nt",TRUE
0,30,0,0,FBgn0267795,Frl,6165,0,NA,NA,NA,NA,NA,NA,NA,NA,NA,NA,NA,NA,"Overlap
<50nt",FALSE
30,135,0.2857142857142857,8,FBgn0267910,lncRNA:CR34335,361,8.310249307479225,Peak-2;NA;Peak-2,Peak-2,NA,Peak-2,early,TRUE,TRUE,Both,Cluster III,"Higher Syp
binding",High_Syp,ncRNA,"Overlap
<50nt",TRUE
0,65,0,0,FBgn0278608,Dsp1,4860,0,NA,NA,NA,NA,NA,NA,NA,NA,NA,NA,NA,NA,"Overlap
<50nt",FALSE
0,135,0,0,FBgn0283451,br,19777,0,Up-regulated;Up-regulated;Peak-3,Up-regulated,Up-regulated,Peak-3,late,TRUE,TRUE,Both,Cluster III,"Higher Syp
binding",High_Syp,protein_coding,"Overlap
<50nt",TRUE
0,160,0,0,FBgn0283471,wupA,1978,0,NA,NA,NA,NA,NA,NA,NA,NA,NA,NA,NA,NA,"Overlap
<50nt",FALSE
128,455,0.39143730886850153,34,FBgn0283477,SF2,2576,4.968944099378882,Up-regulated;NA;NA,Up-regulated,NA,NA,late,TRUE,TRUE,Both,NA,N/A,NA,NA,"Overlap
>50nt",TRUE
5,700,0.00719424460431654,1,FBgn0283521,lola,25208,0.01983497302443668,NA,NA,NA,NA,NA,NA,NA,NA,NA,NA,NA,NA,"Overlap
<50nt",FALSE
30,320,0.10344827586206896,8,FBgn0283535,Vha26,2926,1.0252904989747096,NA;Down-regulated;NA,NA,Down-regulated,NA,early,TRUE,TRUE,Both,Cluster I,"Higher Imp
binding",High_Imp,protein_coding,"Overlap
<50nt",TRUE
0,70,0,0,FBgn0283651,CG46301,6643,0,Peak-3;Peak-1;Up-regulated,Peak-3,Peak-1,Up-regulated,late,TRUE,TRUE,Both,NA,N/A,NA,NA,"Overlap
<50nt",TRUE
29,605,0.05034722222222222,8,FBgn0284225,CG46309,2770,1.0469314079422385,NA,NA,NA,NA,NA,NA,NA,NA,NA,NA,NA,NA,"Overlap
<50nt",FALSE
18,250,0.07758620689655173,4,FBgn0284228,CG46312,2588,0.6955177743431221,NA,NA,NA,NA,NA,NA,NA,NA,NA,NA,NA,NA,"Overlap
<50nt",FALSE
34,135,0.33663366336633666,10,FBgn0284230,CG46314,2515,1.3518886679920477,NA,NA,NA,NA,NA,NA,NA,NA,NA,NA,NA,NA,"Overlap
<50nt",FALSE
5,435,0.01162790697674418,4,FBgn0284235,CG46319,6172,0.08101101749837979,NA;Peak-1;NA,NA,Peak-1,NA,early,TRUE,TRUE,Both,Cluster I,"Higher Imp
binding",High_Imp,protein_coding,"Overlap
<50nt",TRUE
3,230,0.013215859030837,1,FBgn0284237,CG46321,6071,0.04941525284137704,NA,NA,NA,NA,NA,NA,NA,NA,NA,NA,NA,NA,"Overlap
<50nt",FALSE
41,705,0.06174698795180722,8,FBgn0284408,trol,20284,0.20212975744429107,NA;Peak-3;NA,NA,Peak-3,NA,late,TRUE,TRUE,Both,Cluster II,"Higher Imp
binding",High_Imp,protein_coding,"Overlap
<50nt",TRUE
0,35,0,0,FBgn0284435,tyn,5304,0,Down-regulated;NA;NA,Down-regulated,NA,NA,early,TRUE,TRUE,Both,Cluster II,"Higher Imp
binding",High_Imp,protein_coding,"Overlap
<50nt",TRUE
700,4330,0.1928374655647383,162,FBgn0285926,Imp,13650,5.128205128205128,Down-regulated;Peak-1;Down-regulated,Down-regulated,Peak-1,Down-regulated,early,TRUE,TRUE,Both,Cluster II,"Higher Imp
binding",High_Imp,protein_coding,"Overlap
>50nt",TRUE
0,200,0,0,FBgn0285937,Rab1,1804,0,NA,NA,NA,NA,NA,NA,NA,NA,NA,NA,NA,NA,"Overlap
<50nt",FALSE
68,195,0.5354330708661418,10,FBgn0285947,RpS10b,1557,4.367373153500321,NA;NA;Down-regulated,NA,NA,Down-regulated,early,TRUE,TRUE,Both,Cluster II,"Higher Imp
binding",High_Imp,protein_coding,"Overlap
>50nt",TRUE
0,455,0,0,FBgn0286203,stw,6490,0,NA,NA,NA,NA,NA,NA,NA,NA,NA,NA,NA,NA,"Overlap
<50nt",FALSE
91,1330,0.07344632768361582,17,FBgn0286516,aqz,6529,1.3937815898299892,Down-regulated;Peak-1;Peak-1,Down-regulated,Peak-1,Peak-1,early,TRUE,TRUE,Both,Cluster II,"Higher Imp
binding",High_Imp,protein_coding,"Overlap
>50nt",TRUE
123,560,0.2814645308924485,31,FBgn0286778,CG46385,8656,1.4209796672828094,Mid-peaks;Down-regulated;Down-regulated,Mid-peaks,Down-regulated,Down-regulated,early,TRUE,TRUE,Both,Cluster II,"Higher Imp
binding",High_Imp,protein_coding,"Overlap
>50nt",TRUE
21,320,0.07023411371237458,6,FBgn0286784,TER94,3457,0.607463118310674,NA;NA;Peak-3,NA,NA,Peak-3,late,TRUE,TRUE,Both,Cluster II,"Higher Imp
binding",High_Imp,protein_coding,"Overlap
<50nt",TRUE
22,220,0.1111111111111111,6,FBgn0286813,SRPK,5540,0.3971119133574007,NA,NA,NA,NA,NA,NA,NA,NA,NA,NA,NA,NA,"Overlap
<50nt",FALSE
50,340,0.1724137931034483,13,FBgn0286818,Pdi,2328,2.147766323024055,NA;NA;Up-regulated,NA,NA,Up-regulated,late,TRUE,TRUE,Both,Cluster II,"Higher Imp
binding",High_Imp,protein_coding,"Overlap
<50nt",TRUE
5,490,0.01030927835051546,1,FBgn0286870,lncRNA:enrr,2994,0.16700066800267202,NA,NA,NA,NA,NA,NA,NA,NA,NA,NA,NA,NA,"Overlap
<50nt",FALSE
